Make,Model,Type,First-registration-date,Year-of-manufacture,Mileage,Chassis-number,Engine-number,Gearbox-number,Matching-numbers,Previous-owners,Café-Racer,Engine-Type,Power,Cubic-capacity,Cylinders,Starter,Cooling,Gearbox,Gearshift,Gears,Transmission,Front-breaks,Rear-breaks,Fuel-type,Curb-weight,Exterior-color,Price
Kawasaki,KZ 1300 DFI,Touring Bike,Not provided,1986,Not provided,Not provided,Not provided,Not provided,Yes,2,No,Straight | 4-stroke | DOHC,96/130,1286,6,Electric starter,water,Not provided,Not provided,Not provided,Cardan,Disc,Disc,Petrol,0.297,Black,"17,138"
BMW,"R 100 G/S ""Paris-Dakar""",Enduro/Scrambler,Not provided,1989,"75,000 km",Not provided,Not provided,Not provided,Yes,1,No,Boxer | 4 stroke,44/60,980,2,Electric starter,Air,Manual,Pedal Control Left,5,Cardan,Disc,Drum,Petrol,0.21,White,"14,139"
Suzuki,GSX-R 750,Racing Motorcycle,Not provided,2005,"2,800 mls",Not provided,Not provided,Not provided,No,Not provided,No,Straight | 4-stroke | DOHC,103/140,749,4,Electric starter,water,Manual,Not provided,6,Chain,Disc,Disc,Petrol,0.166,Blue,"4,000"
Harley-Davidson,FLHR Road King,Chopper,01/2000,2000,1 km,Not provided,Not provided,Not provided,No,Not provided,Not provided,V | 4-stroke | OHV,60/82,1584,2,Electric starter,water,Manual,Pedal Control Left,6,Chain,Disc,Disc,Petrol,0.368,Orange,"11,868"
Harley-Davidson,FLHR Road King,Chopper,01/2001,2001,1 km,Not provided,Not provided,Not provided,No,Not provided,Not provided,V | 4-stroke | OHV,1/1 (Factory: 60/82),1 (Factory: 1584),2,unknown,water,Not provided,Not provided,Not provided,Not provided,Not provided,Not provided,Petrol,0.368,Black,"11,868"
Ducati,750 F1,Sports Bike,Not provided,1987,"25,055 km",Not provided,Not provided,Not provided,No,Not provided,Not provided,V | 4-Takt | DOHC,51/70,748,2,Electric starter,Air,Manual,Pedal Control Left,5,Chain,Disc,Disc,Petrol,0.185,Others,"23,993"
BMW,K 1200 RS,Racing Motorcycle,Not provided,1997,"101,082 km",Not provided,Not provided,Not provided,No,Not provided,Not provided,Straight | 4-stroke | DOHC,96/130,1172,4,Electric starter,water,Manual,Pedal Control Left,6,Cardan,Disc,Disc,Petrol,0.28,Others,"4,713"
Kawasaki,ER-5,Touring Bike,06/1997,1997,2 km,JKAER500AAA010298,EX500AE,Not provided,Yes,1,No,Twin | 4 stroke | DOHC,37/50,498,2,Electric starter,water,Manual,Pedal Control Left,6,Chain,Disc,Drum,Petrol,0.19,Red,"4,113"
BMW,R 80 G/S,Enduro/Scrambler,04/1984,1984,"78,000 km",Not provided,Not provided,Not provided,Yes,2,No,Boxer | 4 stroke | OHC,37/50,798,2,Electric starter,Air,Manual,Pedal Control Left,5,Cardan,Disc,Drum,Petrol,0.235,White,"6,855"
Piaggio,Vespa PX 125 E,Scooter,Not provided,1982,"8,000 km",Not provided,Not provided,Not provided,No,1,No,2 stroke,7/9,123,1,Electric starter,Air,Manual,Not provided,4,Not provided,Not provided,Not provided,Petrol,0.098,White,"3,342"
Moto Guzzi,850 LeMans II,Sports Bike,05/1980,1980,"17,000 km",Not provided,Not provided,Not provided,No,Not provided,Not provided,V | 4-stroke | OHV,54/73,844,2,Electric starter,Air,Manual,Pedal Control Left,5,Cardan,Disc,Disc,Petrol,Not provided,Red,"8,483"
Honda,GL 1100 Gold Wing,Touring Bike,Not provided,1983,"46,073 km",Not provided,Not provided,Not provided,No,Not provided,Not provided,Boxer | 4 stroke | OHC,60/81,1085,4,Electric starter,water,Manual,Pedal Control Left,5,Cardan,Disc,Disc,Petrol,0.27,Others,"5,141"
Ducati,750 Sport,Sports Bike,Not provided,1989,1 km,Not provided,Not provided,Not provided,No,Not provided,Not provided,V | 4-Takt,53/72,748,2,Electric starter,Oil-air,Manual,Not provided,5,Chain,Disc,Disc,Petrol,0.191,Others,"16,281"
Piaggio,Vespa PX 80,Scooter,Not provided,1984,"6,112 km",Not provided,Not provided,Not provided,No,Not provided,Not provided,2 stroke,5/7,79,1,Kickstarter,Fan,Not provided,Not provided,Not provided,unit swing,Not provided,Not provided,Petrol,Not provided,Others,"4,713"
Honda,RS 125 R,Racing Motorcycle,Not provided,2008,1 km,Not provided,Not provided,Not provided,No,Not provided,Not provided,2 stroke,32/44,124,1,Electric starter,water,Manual,Pedal Control Left,6,Chain,Disc,Disc,Petrol,0.072,Others,"5,141"
Ducati,Monster 900,Sports Bike,Not provided,1998,"31,856 km",Not provided,Not provided,Not provided,No,Not provided,Not provided,V | 4 stroke | OHC,59/80,904,2,Electric starter,Air,Manual,Pedal Control Left,5,Chain,Disc,Disc,Petrol,0.185,Others,"3,856"
Malaguti,F10 Jet Line America,Scooter,Not provided,1993,1 km,Not provided,Not provided,Not provided,No,Not provided,Not provided,2 stroke,1/1,50,1,Kickstarter,Air,Automatic,Not provided,Not provided,Chain,Not provided,Not provided,Petrol,Not provided,Others,"3,856"
BMW,K1,Touring Bike,Not provided,1993,1 km,Not provided,Not provided,Not provided,No,Not provided,Not provided,Straight | 4-stroke | DOHC,74/100,987,4,unknown,Not provided,Not provided,Not provided,5,Cardan,Disc,Disc,Petrol,0.238,Others,"8,569"
Harley-Davidson,XL 2,Café Racer,Not provided,2006,"33,784 km",Not provided,Not provided,Not provided,No,Not provided,Yes,V | 4-Takt,49/67,1200,2,Electric starter,Not provided,Manual,Pedal Control Left,5,Chain,Disc,Disc,Petrol,Not provided,Others,"7,712"
Malaguti,F15 Firefox,Scooter,Not provided,1995,"9,221 km",Not provided,Not provided,Not provided,No,Not provided,Not provided,2 stroke,1/1,50,1,Kickstarter,Air,Automatic,Not provided,Not provided,Chain,Not provided,Not provided,Petrol,Not provided,Others,"2,913"
Yamaha,YZF 1000 R1,Racing Motorcycle,Not provided,1998,"36,782 km",Not provided,Not provided,Not provided,No,Not provided,Not provided,Straight | 4-stroke | DOHC,110/150,998,4,Electric starter,water,Manual,Pedal Control Left,6,Chain,Disc,Disc,Petrol,0.192,Others,"4,242"
Harley-Davidson,FLSTF Fat Boy,Cruiser,Not provided,1990,"29,845 km",Not provided,Not provided,Not provided,No,Not provided,Not provided,V | 4-stroke | OHV,36/49,1338,2,Electric starter,Air,Manual,Not provided,5,Belt,Disc,Drum,Petrol,0.32,Others,"11,954"
Malaguti,F15 Firefox,Scooter,Not provided,1995,"16,410 km",Not provided,Not provided,Not provided,No,Not provided,Not provided,2 stroke,1/1,50,1,unknown,Air,Not provided,Not provided,Not provided,Not provided,Not provided,Not provided,Petrol,Not provided,Others,"3,599"
Bimota,SB7,Racing Motorcycle,Not provided,1999,"23,550 km",Not provided,Not provided,Not provided,No,Not provided,Not provided,Straight | 4-stroke | DOHC,97/132,749,4,Electric starter,water,Manual,Pedal Control Left,6,Chain,Disc,Disc,Petrol,0.228,Others,"21,851"
Malaguti,F10 Jet Line America,Scooter,Not provided,1993,"39,716 km",Not provided,Not provided,Not provided,No,Not provided,Not provided,2 stroke,1/1,50,1,unknown,Air,Not provided,Not provided,Not provided,Chain,Not provided,Not provided,Petrol,Not provided,Others,"3,856"
Malaguti,F10 Jet Line America,Scooter,Not provided,1994,620 km,Not provided,Not provided,Not provided,No,Not provided,Not provided,2 stroke,1/1,50,1,unknown,Air,Not provided,Not provided,Not provided,Chain,Not provided,Not provided,Petrol,Not provided,Others,"2,913"
Malaguti,F10 Jet Line America,Scooter,Not provided,1994,"4,328 km",Not provided,Not provided,Not provided,No,Not provided,Not provided,2 stroke,1/1,50,1,unknown,Air,Not provided,Not provided,Not provided,Chain,Not provided,Not provided,Petrol,Not provided,Others,"2,913"
Malaguti,F15 Firefox,Scooter,Not provided,1997,"15,404 km",Not provided,Not provided,Not provided,No,Not provided,Not provided,2 stroke,1/1,50,1,unknown,Air,Not provided,Not provided,Not provided,Chain,Not provided,Not provided,Petrol,Not provided,Others,"2,913"
Malaguti,F15 Firefox,Scooter,Not provided,1995,"14,873 km",Not provided,Not provided,Not provided,No,Not provided,Not provided,2 stroke,1/1,50,1,unknown,Air,Not provided,Not provided,Not provided,Not provided,Not provided,Not provided,Petrol,Not provided,Others,"3,856"
Malaguti,F10 Jet Line America,Scooter,Not provided,1993,1 km,Not provided,Not provided,Not provided,No,Not provided,Not provided,2 stroke,1/1,50,1,unknown,Air,Not provided,Not provided,Not provided,Not provided,Not provided,Not provided,Petrol,Not provided,Others,"3,856"
Yamaha,XT 660 X,Enduro/Scrambler,Not provided,2006,"5,903 mls",Not provided,Not provided,Not provided,No,Not provided,No,4 stroke | OHC,59/80 (Factory: 35/48),660,1,Electric starter,water,Manual,Pedal Control Left,5,Chain,Disc,Disc,Petrol,0.186,Orange,"4,295"
Ducati,916 SPS,Sports Bike,Not provided,1999,"27,275 km",Not provided,Not provided,Not provided,No,Not provided,No,V | 4-Takt | DOHC,99/134,996,2,Electric starter,water,Manual,Not provided,6,Chain,Disc,Disc,Petrol,0.21,Others,"16,500"
Yamaha,FZR 750 R,Racing Motorcycle,Not provided,1989,"14,241 km",Not provided,Not provided,Not provided,No,Not provided,Not provided,Straight | 4-stroke | DOHC,88/120,749,4,Electric starter,Air,Not provided,Not provided,6,Chain,Disc,Disc,Petrol,0.216,Others,"24,850"
Yamaha,TY 350 S,Enduro/Scrambler,Not provided,1985,1 km,Not provided,Not provided,Not provided,No,Not provided,Not provided,2 stroke,1/1,350,1,unknown,Air,Not provided,Not provided,Not provided,Not provided,Not provided,Not provided,Petrol,Not provided,Others,"3,856"
BMW,K 75,Touring Bike,Not provided,1995,"98,608 km",Not provided,Not provided,Not provided,No,Not provided,Not provided,Straight | 4-stroke | DOHC,55/75,740,3,Electric starter,Oil-air,Not provided,Not provided,5,Not provided,Disc,Disc,Petrol,0.3,Others,"4,713"
Ducati,900 SS,Sports Bike,Not provided,1993,"32,381 km",Not provided,Not provided,Not provided,No,Not provided,Not provided,4 stroke | DOHC,57/78,904,2,Electric starter,water,Manual,Pedal Control Left,6,Chain,Disc,Disc,Petrol,0.186,Others,"6,255"
Garelli,Mosquito,Moped,Not provided,1985,1 km,Not provided,Not provided,Not provided,No,Not provided,Not provided,2 stroke,1/1,35,1,Crank,Not provided,Automatic,Not provided,Not provided,Not provided,Not provided,Not provided,Petrol,Not provided,Others,"3,342"
Gilera,CX 125,Sports Bike,Not provided,1991,"9,353 km",Not provided,Not provided,Not provided,No,Not provided,Not provided,2 stroke,1/1 (Factory: 24/33),125,1,unknown,Oil-air,Not provided,Not provided,Not provided,Not provided,Not provided,Not provided,Petrol,Not provided,Others,"9,854"
Honda,NS 400R,Sports Bike,Not provided,1988,"19,811 km",Not provided,Not provided,Not provided,No,Not provided,Not provided,2 stroke,53/72,387,3,unknown,Not provided,Not provided,Not provided,6,Chain,Disc,Disc,Petrol,0.183,Others,"13,625"
Ducati,851 SP3,Sports Bike,Not provided,1991,"27,686 km",Not provided,Not provided,Not provided,No,Not provided,Not provided,V | 4-Takt | DOHC,87/118,888,2,Electric starter,water,Manual,Not provided,6,Chain,Disc,Disc,Petrol,0.216,Others,"28,278"
BMW,K 75 RT,Touring Bike,Not provided,1996,"9,498 km",Not provided,Not provided,Not provided,No,Not provided,Not provided,Straight | 4-stroke | DOHC,55/75,740,3,Electric starter,Oil-air,Manual,Pedal Control Left,5,Cardan,Disc,Disc,Petrol,0.258,Others,"10,283"
Harley-Davidson,FXSTS Softail Springer,Chopper,Not provided,2000,"1,000 km",Not provided,Not provided,Not provided,No,Not provided,Not provided,Twin | 4 stroke | OHV,46/63,1449,Not provided,unknown,Air,Not provided,Not provided,5,Belt,Disc,Disc,Petrol,0.285,Others,"21,423"
Suzuki,RGV 250 Gamma,Sports Bike,Not provided,1992,"8,376 km",Not provided,Not provided,Not provided,No,Not provided,Not provided,V | 2 stroke,41/56,249,2,unknown,water,Manual,Pedal Control Left,6,Chain,Disc,Disc,Petrol,0.169,Others,"12,854"
Triumph,Tiger 1050,Enduro/Scrambler,Not provided,2008,"78,000 km",Not provided,Not provided,Not provided,No,Not provided,Not provided,4 stroke,1/1 (Factory: 84/114),1050,3,unknown,Oil-air,Not provided,Not provided,Not provided,Not provided,Not provided,Not provided,Petrol,Not provided,Others,"4,627"
Ducati,900 MHR,Racing Motorcycle,Not provided,1983,"2,000 km",Not provided,Not provided,Not provided,No,Not provided,Not provided,4 stroke | OHC,53/72,864,2,unknown,Air,Manual,Not provided,5,Chain,Disc,Disc,Petrol,0.195,Others,"25,707"
Honda,VF 750,Touring Bike,Not provided,1985,"32,569 km",Not provided,Not provided,Not provided,No,Not provided,Not provided,V | 4-Takt | DOHC,63/86,750,4,unknown,water,Not provided,Not provided,5,Chain,Disc,Drum,Petrol,0.228,Others,"4,199"
Ducati,Monster 800,Sports Bike,01/2005,2005,"26,902 km",Not provided,Not provided,Not provided,No,1,No,4 stroke,54/73,803,2,Electric starter,Oil-air,Manual,Pedal Control Left,6,Chain,Disc,Disc,Petrol,Not provided,Black,"3,428"
LML,Star 125 4T,Scooter,Not provided,2015,"9,276 km",Not provided,Not provided,Not provided,No,1,No,4-Takt | SOHC,6/8,125,1,Electric starter,Air,Manual,Not provided,4,Not provided,Disc,Drum,Petrol,0.116,Green,"3,428"
Chang Jiang,650 Pekin Express,Bike/Sidecar combination,Not provided,2020,Not provided,Not provided,Not provided,Not provided,Yes,Not provided,No,Straight | 4 stroke | OHC,51/70,650,2,Electric starter,water,Manual,Shift Paddle,4,Chain,Disc,Disc,Petrol,0.365,Grey,"14,559"
Honda,Stream,Scooter,01/1987,1987,"3,500 km",Not provided,Not provided,Not provided,Yes,1,No,2 stroke,2/3,49,1,Electric starter,Air,Automatic,Not provided,Not provided,friction coil,Not provided,Not provided,Petrol,Not provided,Others,"5,141"
Chang Jiang,650 Dynasty,Bike/Sidecar combination,Not provided,2022,Not provided,Not provided,Not provided,Not provided,Yes,Not provided,No,Straight | 4 stroke | OHC,51/70 (Factory: 40/55),650,2,Electric starter,water,Manual,Pedal Control Left,4,Chain,Disc,Disc,Petrol,0.365,Black,"14,559"
Chang Jiang,650 Pekin Express,Bike/Sidecar combination,Not provided,2019,Not provided,Not provided,Not provided,Not provided,No,Not provided,No,Straight | 4 stroke | OHC,51/70,650,2,Electric starter,water,Manual,Not provided,Not provided,Chain,Disc,Disc,Petrol,0.365,Brown,"14,559"
Kawasaki,Z 400 F,Touring Bike,07/1983,1983,"31,000 km",Not provided,Not provided,Not provided,Yes,Not provided,No,Straight | 4-stroke | DOHC,25/34 (Factory: 30/41),399,2,Electric starter,Air,Manual,Pedal Control Left,5,Chain,Disc,Drum,Petrol,0.18,Green,"4,713"
BMW,K 1100 LT,Touring Bike,03/1993,1993,100 km,6459164K1100LT,Not provided,Not provided,No,Not provided,Yes,Straight | 4-stroke | DOHC,74/101,1093,4,Electric starter,water,Not provided,Pedal Control Left,5,Cardan,Disc,Disc,Petrol,0.29,Black,"21,423"
BMW,R 80,Touring Bike,Not provided,1985,Not provided,6471675R80RI,-,-,No,Not provided,Yes,Straight | 4-stroke | DOHC,37/50,797,2,Electric starter,Not provided,Manual,Pedal Control Left,5,Cardan,Disc,Drum,Petrol,Not provided,Purple,"17,138"
Honda,CBX 1000,Sports Bike,01/1982,1982,"39,000 km",SC062401112,Not provided,Not provided,Yes,Not provided,No,Straight | 4 stroke | OHC,77/105,1047,6,Electric starter,Not provided,Manual,Pedal Control Left,5,Chain,Disc,Disc,Petrol,Not provided,White,"15,424"
BMW,Modulo M89,Three Wheeler/Trike,09/1997,1997,"1,000 km",Not provided,Not provided,Not provided,No,Not provided,No,Straight | 4-stroke | DOHC,55/75,740,3,Electric starter,Oil-air,Manual,Not provided,5,Cardan,Disc,Drum,Petrol,Not provided,Blue,"32,562"
MV Agusta,F4 750 S Serie Oro,Racing Motorcycle,06/2003,1999,"33,400 km",ZCGF401AC3V006081,V006081,Not provided,No,2,No,Straight | 4-stroke | DOHC,93/126,750,4,Electric starter,water,Manual,Not provided,6,Chain,Disc,Disc,Petrol,0.2,Red,"10,711"
BMW,K 100,Touring Bike,Not provided,1984,"60,899 km",0000276K100,104EA238958,Not provided,No,2,No,Straight | 4-stroke | DOHC,70/95,987,4,Electric starter,Oil-air,Manual,Pedal Control Left,5,Cardan,Disc,Disc,Petrol,0.23,Grey,"4,285"
Ducati,Sport 1000,Naked Bike,Not provided,2006,Not provided,ZDMC101AAS8003437,ZDM99ZA2X029650,Not provided,No,1,No,Twin | 4 stroke | SOHC,68/92,992,2,Electric starter,Air,Manual,Pedal Control Left,6,Chain,Disc,Disc,Petrol,0.186,Red,"13,702"
BMW,R 100 RS,Touring Bike,Not provided,1989,"43,118 km",160071R100Rs,160071,Not provided,No,2,No,Boxer | 4 stroke | OHV,44/60,979,2,Electric starter,Air,Manual,Pedal Control Left,5,Cardan,Disc,Drum,Petrol,0.243,White,"7,284"
BMW,R 80/7,Touring Bike,05/1980,1980,"12,812 km",617541510,60322151,Not provided,No,2,No,Boxer | 4 stroke | OHV,40/55,788,2,Electric starter,Not provided,Not provided,Pedal Control Left,5,Cardan,Disc,Drum,Petrol,Not provided,Red,"6,427"
Moto Guzzi,V 35 II,Touring Bike,Not provided,1981,"8,659 km",Not provided,Not provided,Not provided,No,Not provided,Not provided,V | 4-stroke | OHV,20/27,346,2,Electric starter,Air,Manual,Pedal Control Left,5,Cardan,Disc,Disc,Petrol,0.185,Others,"3,428"
Bimota,500 V-Due,Sports Bike,Not provided,1997,1 km,Not provided,Not provided,Not provided,No,Not provided,Not provided,2 stroke,81/110,499,2,Electric starter,Oil-air,Direktantrieb,Not provided,6,Chain,Disc,Disc,Petrol,Not provided,Others,"55,699"
Suzuki,GSX-R 1100,Racing Motorcycle,Not provided,1987,1 km,Not provided,Not provided,Not provided,No,Not provided,Not provided,Straight | 4-stroke | DOHC,94/128,1052,4,Electric starter,Oil-air,Manual,Not provided,5,Chain,Disc,Disc,Petrol,0.197,Others,"6,427"
Ducati,GT 1000,Touring Bike,Not provided,2008,1 km,Not provided,Not provided,Not provided,No,Not provided,Not provided,4 stroke,68/92,992,2,Electric starter,Air,Manual,Not provided,6,Chain,Disc,Disc,Petrol,0.185,Others,"6,941"
Yamaha,RD 500 LC,Sports Bike,Not provided,1984,1 km,Not provided,Not provided,Not provided,No,Not provided,Not provided,VR | 4-stroke,65/88,499,4,Kickstarter,water,Manual,Pedal Control Left,6,Chain,Disc,Disc,Petrol,0.216,Others,"17,995"
Honda,VF 500 F,Sports Bike,Not provided,1985,1 km,Not provided,Not provided,Not provided,No,Not provided,Not provided,4 stroke,51/70,497,4,Electric starter,Oil-air,Manual,Not provided,6,Chain,Disc,Disc,Petrol,Not provided,Others,"3,085"
Yamaha,FZ 600,Sports Bike,Not provided,1987,1 km,Not provided,Not provided,Not provided,No,Not provided,Not provided,4 stroke,40/55,599,4,Electric starter,Oil-air,Manual,Not provided,6,Chain,Disc,Disc,Petrol,Not provided,Others,"7,027"
Piaggio,Vespa T5,Scooter,Not provided,1985,1 km,Not provided,Not provided,Not provided,No,Not provided,Not provided,2 stroke,9/12,123,1,Kickstarter,Air,Manual,Twist Grip Gear Change,4,Not provided,Drum,Drum,Petrol,0.098,Others,"4,199"
Harley-Davidson,Dragason Custom,Chopper,06/2008,2008,"26,566 km",Not provided,Not provided,Not provided,No,Not provided,No,V | 4-stroke | OHV,1/1 (Factory: 40/55),1450,2,Electric starter,Air,Manual,Not provided,Not provided,Not provided,Not provided,Not provided,Petrol,Not provided,Black,"14,482"
MV Agusta,Brutale 910,Naked Bike,04/2007,2007,"2,165 km",Not provided,Not provided,Not provided,Yes,1,No,4 stroke,100/136,907,4,Electric starter,Oil-air,Manual,Pedal Control Left,6,Chain,Disc,Disc,Petrol,Not provided,Black,"8,569"
Kawasaki,ZX-10,Sports Bike,Not provided,1989,Not provided,Not provided,Not provided,Not provided,No,Not provided,No,Straight | 4-stroke | DOHC,101/137,997,4,Electric starter,water,Manual,Pedal Control Left,6,Chain,Disc,Disc,Petrol,0.261,Black,"3,856"
Aprilia,RSV4 RR,Racing Motorcycle,01/2012,2012,Not provided,M2,000,000,No,Not provided,No,V | 4-Takt | DOHC,169/230 (Factory: 148/201),990,Not provided,Electric starter,water,Manual,Pedal Control Left,6,Chain,Disc,Disc,Petrol,0.182,Orange,"29,992"
Aprilia,RSV Mille,Racing Motorcycle,Not provided,1999,Not provided,Not provided,Not provided,Not provided,No,Not provided,No,V | 4-Takt | DOHC,107/145 (Factory: 94/128),995,2,Electric starter,water,Manual,Not provided,6,Chain,Disc,Disc,Petrol,0.22,Black,"51,414"
Benelli,Tornado Tre 900,Sports Bike,12/2002,2002,1 km,000098,?,?,No,1,No,Straight | 4 stroke | OHV,104/141,898,3,Electric starter,water,Manual,Pedal Control Left,6,Chain,Disc,Disc,Petrol,0.198,Silver,"59,983"
Suzuki,GSX-R 1100,Racing Motorcycle,Not provided,1986,"23,504 km",Not provided,Not provided,Not provided,No,Not provided,Not provided,Straight | 4-stroke | DOHC,94/128,1052,4,Electric starter,Oil-air,Manual,Not provided,5,Chain,Disc,Disc,Petrol,0.197,Others,"6,770"
Suzuki,GSX-R 1100,Sports Bike,Not provided,1990,"33,513 km",Not provided,Not provided,Not provided,No,Not provided,Not provided,Straight | 4-stroke | DOHC,105/143,1127,4,Electric starter,Oil-air,Manual,Pedal Control Right,5,Chain,Disc,Disc,Petrol,0.24,Others,"8,997"
Harley-Davidson,FLSTF Fat Boy,Chopper,Not provided,2008,"47,795 km",Not provided,Not provided,Not provided,No,Not provided,Not provided,V | 4-Takt | DOHC,56/76,1584,2,Electric starter,Air,Manual,Not provided,5,Belt,Disc,Disc,Petrol,Not provided,Others,"11,911"
Suzuki,GSX-R 1100,Sports Bike,Not provided,1996,"48,366 km",Not provided,Not provided,Not provided,No,Not provided,Not provided,Straight | 4-stroke | DOHC,115/156,1074,4,Electric starter,water,Manual,Pedal Control Left,5,Chain,Disc,Disc,Petrol,0.254,Others,"5,913"
MV Agusta,F4 750 S Serie Oro,Racing Motorcycle,Not provided,2000,11 km,Not provided,Not provided,Not provided,No,Not provided,Not provided,Straight | 4-stroke | DOHC,93/126,750,4,Electric starter,water,Manual,Not provided,6,Chain,Disc,Disc,Petrol,0.2,Others,"35,133"
Honda,CRF 250 R,Motocross,Not provided,2018,1 km,Not provided,Not provided,Not provided,No,Not provided,Not provided,4 stroke,29/40,249,1,unknown,Oil-air,Not provided,Not provided,5,Chain,Disc,Disc,Petrol,Not provided,Others,"6,770"
MV Agusta,F4 750 S Serie Oro,Racing Motorcycle,Not provided,2000,11 km,Not provided,Not provided,Not provided,No,Not provided,Not provided,Straight | 4-stroke | DOHC,93/126,750,4,Electric starter,water,Manual,Not provided,6,Chain,Disc,Disc,Petrol,0.2,Others,"35,133"
Piaggio,Vespa 125 Primavera ET3,Scooter,Not provided,1981,3 km,Not provided,Not provided,Not provided,No,Not provided,Not provided,2 stroke,5/7,123,1,Kickstarter,Fan,Manual,Twist Grip Gear Change,3,unit swing,Drum,Drum,Petrol,0.078,Others,"5,912"
Piaggio,Vespa 50 N Special,Scooter,Not provided,1983,"3,756 km",Not provided,Not provided,Not provided,No,Not provided,Not provided,2 stroke,4/5,49,1,Kickstarter,Air,Not provided,Twist Grip Gear Change,Not provided,Not provided,Not provided,Not provided,Petrol,Not provided,Others,"2,827"
Ducati,851 S,Sports Bike,Not provided,1990,"31,512 km",Not provided,Not provided,Not provided,Yes,1,No,V | 4 stroke | SV,66/90 (Factory: 75/102),851,2,Electric starter,water,Manual,Pedal Control Left,6,Chain,Disc,Disc,Petrol,0.216,Red,"7,626"
Ducati,851 SP3,Sports Bike,Not provided,1991,"28,360 km",ZDM888S000701,Not provided,Not provided,No,Not provided,No,V | 4-Takt | DOHC,87/118,888,2,Electric starter,water,Manual,Pedal Control Left,6,Chain,Disc,Disc,Petrol,0.216,Red,"17,052"
Petronas,FP1,Racing Motorcycle,Not provided,2003,9 km,Not provided,Not provided,Not provided,No,Not provided,No,Straight | 4-stroke | DOHC,101/138,900,3,Electric starter,water,Manual,Pedal Control Left,6,Chain,Disc,Disc,Petrol,0.181,Others,"38,132"
Moto Guzzi,Nevada 350,Cruiser,04/2001,2001,"10,000 km",Not provided,Not provided,Not provided,No,1,No,4 stroke,32/44 (Factory: 22/30),750 (Factory: 350),2,Kickstarter,Not provided,Manual,Pedal Control Left,5,Cardan,Disc,Disc,Petrol,Not provided,White,"3,428"
Gilera,ELMECA 125,Enduro,Not provided,1982,1 km,Not provided,Not provided,Not provided,Yes,1,No,Einzylinder,17/23,123,1,Electric starter,Air,Manual,Not provided,6,Chain,Drum,Drum,Petrol,0.098,Red,"5,056"
Cagiva,WMX 125,Motocross,Not provided,1983,1 km,Not provided,Not provided,Not provided,No,Not provided,No,2 stroke,10/13,125,1,Kickstarter,Air,Manual,Pedal Control Left,Not provided,Chain,Drum,Drum,Petrol,Not provided,Red,"3,428"
Honda,CB 900 F Bol d'Or,Touring Bike,01/1982,1982,"50,000 km",Not provided,Not provided,Not provided,No,Not provided,No,Straight | 4 stroke | OHC,70/95,901,4,Electric starter,Not provided,Not provided,Not provided,Not provided,Not provided,Not provided,Not provided,Petrol,Not provided,Silver,"10,283"
Ducati,900 SS,Sports Bike,01/1980,1980,200 km,Not provided,Not provided,Not provided,No,1,No,V | 4-Takt,51/70,864,2,Kickstarter,Air,Manual,Pedal Control Left,5,Chain,Disc,Disc,Petrol,0.225,Red,"59,126"
Piaggio,Vespa PX 150 E,Moped,Not provided,1983,"12,000 km",Not provided,Not provided,Not provided,Yes,Not provided,No,2 stroke,7/10,150,1,Electric starter,Air,Manual,Twist Grip Gear Change,4,Not provided,Drum,Drum,Petrol,Not provided,Silver,"5,570"
Piaggio,Vespa PX 125 E,Scooter,01/1982,1982,"1,000 km",Not provided,Not provided,Not provided,Yes,1,No,2 stroke,7/9,123,1,Electric starter,Air,Manual,Not provided,4,Not provided,Not provided,Not provided,Petrol,0.098,Red,"5,056"
Piaggio,Vespa P 200 E,Scooter,01/1984,1984,"1,000 km",Not provided,Not provided,Not provided,No,Not provided,No,2 stroke,7/10,198,1,Kickstarter,Fan,Not provided,Not provided,Not provided,unit swing,Not provided,Not provided,Petrol,Not provided,Blue,"5,570"
Suzuki,GSX 1000 Katana,Rennsport,01/1982,1982,"20,000 km",Not provided,Not provided,Not provided,Yes,1,No,4 stroke,1/1,997,4,Electric starter,Air,Manual,Not provided,5,Chain,Disc,Disc,Petrol,Not provided,Silver,"5,913"
Yamaha,FZR 1000,Sports Bike,01/1991,1991,"22,000 km",Not provided,Not provided,Not provided,No,1,No,Straight | 4-stroke | DOHC,107/145,1002,4,Electric starter,water,Manual,Pedal Control Left,5,Chain,Disc,Disc,Petrol,0.236,White,"4,285"
Suzuki,GSX Hayabusa 1300,Sports Bike,01/2001,2001,"22,000 km",Not provided,Not provided,Not provided,No,1,No,4 stroke,129/175,1299,4,Electric starter,Oil-air,Manual,Not provided,6,Chain,Disc,Disc,Petrol,0.215,Yellow,"8,483"
Ducati,"900 SS ""Darmah""",Sports Bike,05/1980,1980,"42,200 km",Not provided,Not provided,Not provided,No,Not provided,No,V | 4-Takt,50/68,864,2,Electric starter,Air,Manual,Pedal Control Left,5,Chain,Disc,Disc,Petrol,0.22,Red,"14,139"
Ducati,999S,Racing Motorcycle,Not provided,2006,"45,000 km",Not provided,Not provided,Not provided,No,Not provided,Not provided,Twin | 4 stroke | DOHC,100/136,999,2,Electric starter,Oil-air,Manual,Pedal Control Left,6,Chain,Disc,Disc,Petrol,0.186,Others,"6,770"
Honda,CX 500 C,Touring Bike,Not provided,1983,"5,000 km",Not provided,Not provided,Not provided,No,1,Yes,Twin | 4 stroke | OHV,37/50,497,2,Electric starter,Not provided,Manual,Not provided,5,Cardan,Disc,Drum,Petrol,0.202,Orange,"6,855"
Harley-Davidson,XR 1000,Sports Bike,07/1983,1983,"8,800 km",1HD1CDH28DY122474,1HD1CDH28DY122474,Not provided,No,1,No,V | 4-stroke | OHV,49/67,998,2,Electric starter,Air,Manual,Pedal Control Left,4,Chain,Disc,Disc,Petrol,Not provided,Others,"21,423"
BMW,K 100,Touring Bike,06/1985,1985,"30,000 km",Not provided,Not provided,Not provided,Yes,1,Yes,Straight | 4-stroke | DOHC,70/95,987,4,Electric starter,Oil-air,Manual,Pedal Control Left,5,Cardan,Disc,Disc,Petrol,0.23,Black,"10,283"
Honda,XR 600R,Motocross,01/1993,1992,"2,257 km",Not provided,Not provided,Not provided,No,1,No,4-Takt | SOHC,34/46,591,1,Kickstarter,Air,Manual,Pedal Control Left,5,Chain,Disc,Disc,Petrol,0.146,Others,"5,137"
Bimota,DB1,Sports Bike,01/1986,1986,"1,750 mls",Not provided,Not provided,Not provided,No,Not provided,No,Twin | 4 stroke | SOHC,46/62,750,2,Electric starter,Air,Manual,Not provided,6,Chain,Disc,Disc,Petrol,0.165,White,"27,999"
Bimota,DB2,Sports Bike,01/1993,1993,"23,000 mls",Not provided,Not provided,Not provided,No,Not provided,No,Twin | 4 stroke | SOHC,59/80,904,2,Electric starter,Air,Manual,Not provided,6,Chain,Disc,Disc,Petrol,0.165,Red,"9,000"
Bimota,DB2,Sports Bike,01/1993,1993,"6,000 mls",Not provided,Not provided,Not provided,No,Not provided,No,Twin | 4 stroke | SOHC,59/80,904,2,Electric starter,Air,Manual,Not provided,6,Chain,Disc,Disc,Petrol,0.165,Yellow,"8,000"
Ducati,916 SPS,Sports Bike,01/1997,1997,950 mls,Not provided,Not provided,Not provided,No,Not provided,No,V | 4-Takt | DOHC,99/134,996,2,Electric starter,water,Manual,Not provided,6,Chain,Disc,Disc,Petrol,0.21,Red,"19,996"
Ducati,1098 R,Racing Motorcycle,01/2008,2008,"9,500 mls",Not provided,Not provided,Not provided,No,Not provided,No,V | 4-Takt | DOHC,132/180,1198,2,Electric starter,water,Manual,Not provided,6,Chain,Disc,Disc,Petrol,0.19,Red,"15,950"
Ducati,1199 R Panigale,Sports Bike,01/2013,2013,"3,032 mls",Not provided,Not provided,Not provided,No,Not provided,No,V | 4-Takt | DOHC,143/195,1198,2,Electric starter,water,Manual,Pedal Control Left,6,Chain,Disc,Disc,Petrol,0.164,Red,"18,999"
Ducati,999R,Sports Bike,01/2005,2005,500 mls,Not provided,Not provided,Not provided,No,Not provided,No,V | 4-Takt | DOHC,110/150,999,2,Electric starter,water,Manual,Pedal Control Left,6,Chain,Disc,Disc,Petrol,0.205,Red,"29,999"
Ducati,998,Sports Bike,01/2004,2004,"7,466 mls",Not provided,Not provided,Not provided,No,Not provided,No,V | 4-Takt,90/123,998,2,Electric starter,water,Manual,Not provided,6,Chain,Disc,Disc,Petrol,0.198,Red,"20,000"
Ducati,Sport 1000 S,Racing Motorcycle,01/2009,2009,"1,450 mls",Not provided,Not provided,Not provided,No,Not provided,No,Twin | 4 stroke | DOHC,68/92,992,2,Electric starter,Air,Manual,Pedal Control Left,6,Chain,Disc,Disc,Petrol,0.186,Red,"15,999"
Ducati,Panigale V4 RS,Racing Motorcycle,01/2018,2018,1 mls,Not provided,Not provided,Not provided,No,Not provided,No,V | 4-Takt | DOHC,147/200,998,4,Electric starter,water,Manual,Pedal Control Left,6,Chain,Disc,Disc,Petrol,Not provided,Black,"36,995"
KTM,990 Adventure,Enduro/Scrambler,01/2010,2010,"12,000 mls",Not provided,Not provided,Not provided,No,Not provided,No,V | 4-Takt,85/116,999,2,Electric starter,Air,Manual,Pedal Control Left,6,Chain,Disc,Disc,Petrol,0.214,Black,"7,999"
Laverda,500,Sports Bike,01/1981,1981,1 mls,Not provided,Not provided,Not provided,No,Not provided,No,Straight | 4-stroke | DOHC,33/45,499,2,Electric starter,Not provided,Not provided,Not provided,Not provided,Not provided,Not provided,Not provided,Petrol,Not provided,Orange,"16,500"
MV Agusta,Brutale 800 RR,Naked Bike,01/2020,2020,1 mls,Not provided,Not provided,Not provided,No,Not provided,No,Twin | 4 stroke | DOHC,103/140,798,4,Electric starter,Oil-air,Manual,Not provided,6,Chain,Disc,Disc,Petrol,Not provided,Black,"10,999"
MV Agusta,F4 750 S Serie Oro,Racing Motorcycle,01/1999,1999,"13,700 mls",Not provided,Not provided,Not provided,No,Not provided,No,Straight | 4-stroke | DOHC,93/126,750,4,Electric starter,water,Manual,Not provided,6,Chain,Disc,Disc,Petrol,0.2,Silver,"9,500"
Yamaha,YZF 1000 R1,Racing Motorcycle,01/1999,1999,"16,900 mls",Not provided,Not provided,Not provided,No,Not provided,No,Straight | 4-stroke | DOHC,110/150,998,4,Electric starter,water,Manual,Pedal Control Left,6,Chain,Disc,Disc,Petrol,0.192,White,"6,500"
Yamaha,YZF 750 R7,Racing Motorcycle,01/2001,2001,"7,000 mls",Not provided,Not provided,Not provided,No,Not provided,No,Straight | 4-stroke | DOHC,118/160,749,4,Electric starter,water,Manual,Pedal Control Left,6,Chain,Disc,Disc,Petrol,0.176,White,"47,500"
Piaggio,Vespa 125 Primavera ET3,Scooter,Not provided,1981,8 km,Not provided,Not provided,Not provided,No,Not provided,Not provided,2 stroke,5/7,123,1,Kickstarter,Fan,Manual,Twist Grip Gear Change,3,unit swing,Drum,Drum,Petrol,0.078,Blue,"5,997"
Piaggio,Vespa 125 Primavera ET3,Scooter,Not provided,1981,8 km,Not provided,Not provided,Not provided,No,Not provided,Not provided,2 stroke,5/7,123,1,Kickstarter,Fan,Manual,Twist Grip Gear Change,3,unit swing,Drum,Drum,Petrol,0.078,Grey,"5,997"
Piaggio,Vespa 125 Primavera ET3,Scooter,Not provided,1981,8 km,Not provided,Not provided,Not provided,No,Not provided,Not provided,2 stroke,5/7,123,1,Kickstarter,Fan,Manual,Twist Grip Gear Change,3,unit swing,Drum,Drum,Petrol,0.078,Blue,"5,997"
Piaggio,Vespa 125 Primavera ET3,Scooter,Not provided,1981,8 km,Not provided,Not provided,Not provided,No,Not provided,Not provided,2 stroke,5/7,123,1,Kickstarter,Fan,Manual,Twist Grip Gear Change,3,unit swing,Drum,Drum,Petrol,0.078,Blue,"5,997"
Piaggio,Vespa 125 Primavera ET3,Scooter,Not provided,1981,8 km,Not provided,Not provided,Not provided,No,Not provided,Not provided,2 stroke,5/7,123,1,Kickstarter,Fan,Manual,Twist Grip Gear Change,3,unit swing,Drum,Drum,Petrol,0.078,Yellow,"5,997"
Piaggio,Vespa 125 Primavera ET3,Scooter,Not provided,1982,3 km,Not provided,Not provided,Not provided,No,Not provided,Not provided,2 stroke,5/7,123,1,Kickstarter,Fan,Manual,Twist Grip Gear Change,3,unit swing,Drum,Drum,Petrol,0.078,Blue,"5,912"
Piaggio,Vespa PX 125 E,Scooter,Not provided,1982,1 km,Not provided,Not provided,Not provided,No,Not provided,Not provided,2 stroke,7/9,123,1,Electric starter,Air,Manual,Not provided,4,Not provided,Not provided,Not provided,Petrol,0.098,Yellow,"4,284"
Piaggio,Vespa 125 Primavera ET3,Scooter,Not provided,1982,9 km,Not provided,Not provided,Not provided,No,Not provided,Not provided,2 stroke,5/7,123,1,Kickstarter,Fan,Manual,Twist Grip Gear Change,3,unit swing,Drum,Drum,Petrol,0.078,Blue,"5,997"
Piaggio,Vespa 125 Primavera ET3,Scooter,Not provided,1982,7 km,Not provided,Not provided,Not provided,No,Not provided,Not provided,2 stroke,5/7,123,1,Kickstarter,Fan,Manual,Twist Grip Gear Change,3,unit swing,Drum,Drum,Petrol,0.078,White,"5,997"
BMW,R 80 G/S,Enduro/Scrambler,01/1984,1984,300 mls,Not provided,Not provided,Not provided,No,Not provided,No,Boxer | 4 stroke | OHC,37/50,798,2,Electric starter,Air,Manual,Pedal Control Left,5,Cardan,Disc,Drum,Petrol,0.235,Silver,"12,000"
Ducati,1098 R,Racing Motorcycle,01/2009,2009,"8,500 mls",Not provided,Not provided,Not provided,No,Not provided,No,V | 4-Takt | DOHC,132/180,1198,2,Electric starter,water,Manual,Not provided,6,Chain,Disc,Disc,Petrol,0.19,White,"25,000"
Ducati,851 SP3,Sports Bike,01/1991,1991,"1,234 mls",Not provided,Not provided,Not provided,No,Not provided,No,V | 4-Takt | DOHC,87/118,888,2,Electric starter,water,Manual,Not provided,6,Chain,Disc,Disc,Petrol,0.216,Red,"28,888"
Ducati,1199 R Panigale,Sports Bike,01/2014,2014,987 mls,Not provided,Not provided,Not provided,No,Not provided,No,V | 4-Takt | DOHC,143/195,1198,2,Electric starter,water,Manual,Pedal Control Left,6,Chain,Disc,Disc,Petrol,0.164,Orange,"48,999"
Ducati,900 MHR,Racing Motorcycle,01/1984,1984,"1,111 mls",Not provided,Not provided,Not provided,No,Not provided,No,4 stroke | OHC,53/72,864,2,Electric starter,Air,Manual,Not provided,5,Chain,Disc,Disc,Petrol,0.195,Yellow,"19,995"
Ducati,888 SP4,Sports Bike,01/1992,1992,123 mls,Not provided,Not provided,Not provided,No,Not provided,No,V | 4-Takt | DOHC,87/118,888,2,Electric starter,water,Manual,Not provided,6,Chain,Disc,Disc,Petrol,0.216,White,"55,950"
Piaggio,Vespa 50 S,Scooter,Not provided,1981,"25,119 km",Not provided,Not provided,Not provided,No,Not provided,Not provided,2 stroke,2/3,49,1,Kickstarter,Air,Manual,Twist Grip Gear Change,4,unit swing,Drum,Drum,Petrol,0.07,Others,"2,913"
Ducati,999R,Sports Bike,01/2005,2005,"7,000 mls",Not provided,Not provided,Not provided,No,Not provided,No,V | 4-Takt | DOHC,110/150,999,2,Electric starter,water,Manual,Pedal Control Left,6,Chain,Disc,Disc,Petrol,0.205,Red,"19,995"
Ducati,999R,Sports Bike,01/2004,2004,"7,200 mls",Not provided,Not provided,Not provided,No,Not provided,No,V | 4-Takt | DOHC,110/150,999,2,Electric starter,water,Manual,Pedal Control Left,6,Chain,Disc,Disc,Petrol,0.205,Red,"24,000"
Ducati,999S,Racing Motorcycle,01/2005,2005,"17,433 mls",Not provided,Not provided,Not provided,No,Not provided,No,Twin | 4 stroke | DOHC,100/136,999,2,Electric starter,Oil-air,Manual,Pedal Control Left,6,Chain,Disc,Disc,Petrol,0.186,Red,"8,500"
Honda,VFR 750R RC 30,Sports Bike,01/1987,1987,"18,000 mls",Not provided,Not provided,Not provided,No,Not provided,No,V | 4-Takt | DOHC,82/112,748,4,Electric starter,water,Manual,Pedal Control Left,6,Chain,Disc,Disc,Petrol,0.2,Black,"25,000"
Gilera,Saturno,Sports Bike,01/1990,1990,"7,400 mls",Not provided,Not provided,Not provided,No,Not provided,No,4 stroke | DOHC,28/38,499,1,Electric starter,Oil-air,Not provided,Pedal Control Left,5,Chain,Disc,Disc,Petrol,0.167,Red,"9,250"
Norton,Dominator SS,Café Racer,01/2019,2018,1 mls,Not provided,Not provided,Not provided,No,Not provided,Yes,Twin | 4 stroke | OHV,59/80,961,2,Electric starter,Oil-air,Manual,Pedal Control Left,5,Chain,Disc,Disc,Petrol,0.188,Grey,"52,950"
Moto Guzzi,Breva V 750 i.e.,Naked Bike,Not provided,2004,"1,250 mls",Not provided,Not provided,Not provided,No,Not provided,No,V | 4 stroke | OHC,33/45,744,2,Electric starter,Air,Manual,Pedal Control Left,6,Cardan,Disc,Disc,Petrol,0.182,Red,"45,000"
Kawasaki,Ninja 1000 ZX-10RR,Sports Bike,01/2017,2017,50 mls,Not provided,Not provided,Not provided,No,Not provided,No,4 stroke,147/200,998,4,Electric starter,Oil-air,Manual,Not provided,6,Chain,Disc,Disc,Petrol,0.206,Green,"22,000"
Piaggio,Vespa 125 Primavera ET3,Scooter,Not provided,1982,383 km,Not provided,Not provided,Not provided,No,Not provided,Not provided,2 stroke,5/7,123,1,Kickstarter,Fan,Manual,Twist Grip Gear Change,3,unit swing,Drum,Drum,Petrol,0.078,Blue,"5,483"
Yamaha,FZR 750 R,Racing Motorcycle,01/1990,1990,"12,000 mls",Not provided,Not provided,Not provided,No,Not provided,No,Straight | 4-stroke | DOHC,88/120,749,4,Electric starter,Air,Not provided,Not provided,6,Chain,Disc,Disc,Petrol,0.216,White,"25,000"
Yamaha,TZ 350,Racing Motorcycle,01/1980,1980,1 mls,Not provided,Not provided,Not provided,No,Not provided,No,Twin | 2 stroke,47/64,347,2,Kickstarter,water,Manual,Pedal Control Left,Not provided,Chain,Disc,Disc,Petrol,Not provided,Black,"19,000"
Piaggio,Vespa PX 200 E,Scooter,Not provided,1984,"94,884 km",Not provided,Not provided,Not provided,No,Not provided,Not provided,2 stroke,9/12,198,1,Electric starter,Fan,Manual,Twist Grip Gear Change,4,unit swing,Not provided,Not provided,Petrol,Not provided,White,"2,570"
Piaggio,Vespa 125 Primavera ET3,Scooter,Not provided,1982,8 km,Not provided,Not provided,Not provided,No,Not provided,Not provided,2 stroke,5/7,123,1,Kickstarter,Fan,Manual,Twist Grip Gear Change,3,unit swing,Drum,Drum,Petrol,0.078,Red,"5,997"
Piaggio,Vespa 125 Primavera ET3,Scooter,Not provided,1981,8 km,Not provided,Not provided,Not provided,No,Not provided,Not provided,2 stroke,5/7,123,1,Kickstarter,Fan,Manual,Twist Grip Gear Change,3,unit swing,Drum,Drum,Petrol,0.078,White,"5,997"
Yamaha,XJ 550,Touring Bike,Not provided,1984,"41,500 km",Not provided,Not provided,Not provided,No,Not provided,Not provided,Straight | 4-stroke | DOHC,1/1 (Factory: 37/50),1 (Factory: 528),4,unknown,Air,Not provided,Not provided,Not provided,Not provided,Not provided,Not provided,Petrol,Not provided,Red,"3,599"
BMW,K 1200 RS,Racing Motorcycle,Not provided,1997,"26,600 km",Not provided,Not provided,Not provided,No,Not provided,Not provided,Straight | 4-stroke | DOHC,96/130,1172,4,unknown,water,Not provided,Pedal Control Left,6,Cardan,Disc,Disc,Petrol,0.28,Blue,"2,999"
Yamaha,XVS 650 Drag Star,Chopper,Not provided,1999,"36,000 km",Not provided,Not provided,Not provided,No,Not provided,Not provided,V | 4 stroke | OHC,29/40,649,2,unknown,Air,Not provided,Pedal Control Left,5,Cardan,Disc,Drum,Petrol,0.29,Black,"3,770"
Bimota,BB1 Supermono,Racing Motorcycle,01/1995,1995,"15,000 km",Not provided,Not provided,Not provided,Yes,1,No,4 stroke,35/48,625,1,Electric starter,water,Manual,Pedal Control Left,5,Chain,Disc,Disc,Petrol,0.145,Red,"10,197"
Moto Guzzi,California II,Touring Bike,01/1983,1983,"60,000 km",Not provided,Not provided,Not provided,Yes,1,No,V | 4-stroke | OHV,49/67,949,2,Electric starter,Air,Manual,Not provided,5,Cardan,Disc,Disc,Petrol,Not provided,Black,"7,284"
Suzuki,GSX 1100 E,Touring Bike,Not provided,1981,Not provided,GS110X-532321,GS110X-152005,/,No,Not provided,No,Straight | 4-stroke | DOHC,76/104,1074,4,Electric starter,Air,Manual,Pedal Control Left,5,Chain,Disc,Disc,Petrol,0.256,Black,"8,483"
BMW,R 100 RS,Touring Bike,Not provided,1983,"15,500 km",Not provided,Not provided,Not provided,No,2,No,Boxer | 4 stroke,51/70,979,2,Electric starter,Air,Manual,Pedal Control Left,5,Cardan,Disc,Disc,Petrol,0.23,Red,"5,913"
Moto Guzzi,V35 C,"Chopper/Cruiser, Oldtimer",Not provided,1982,"32,200 km",Not provided,Not provided,Not provided,No,Not provided,Not provided,4 stroke,26/35,347,2,unknown,Air,Not provided,Not provided,5,Chain,Disc,Disc,Petrol,0.154,Blue,"4,027"
Kawasaki,Z 1-R,Sports Bike,05/1980,1980,"25,009 mls",KZT00G-502189,KZT00GE003011,Not provided,Yes,2,No,Straight | 4-stroke | DOHC,66/90,1016,4,Electric starter,Air,Manual,Not provided,Not provided,Chain,Not provided,Not provided,Petrol,0.272,Black,"7,712"
Ducati,916,Sports Bike,Not provided,1997,"8,500 km",Not provided,Not provided,Not provided,No,Not provided,No,V | 4-Takt | DOHC,82/112,916,2,Electric starter,water,Manual,Not provided,6,Chain,Disc,Disc,Petrol,0.2,Red,"13,539"
BMW,R 1200 C,Cruiser,Not provided,2001,"8,124 mls",Not provided,Not provided,Not provided,Yes,2,No,Boxer | 4 stroke,45/61,1170,2,Electric starter,Oil-air,Manual,Pedal Control Left,5,Cardan,Disc,Disc,Petrol,0.256,Yellow,"7,284"
Moto Guzzi,MGS-01 Corsa,Racing Motorcycle,Not provided,2004,"1,811 km",Not provided,Not provided,Not provided,No,Not provided,Not provided,V | 4-stroke | OHV,94/128,1225,2,unknown,Air,Not provided,Pedal Control Left,6,Cardan,Disc,Disc,Petrol,0.179,Others,"39,417"
Piaggio,Vespa PK 50 Automatica,Scooter,Not provided,1984,1 km,Not provided,Not provided,Not provided,No,Not provided,Not provided,2 stroke,3/4,49,1,unknown,Air,Not provided,Twist Grip Gear Change,4,Not provided,Drum,Drum,Petrol,0.077,Others,"3,342"
Piaggio,Vespa PK 125 S,Scooter,Not provided,1984,"20,513 km",Not provided,Not provided,Not provided,No,Not provided,Not provided,2 stroke,5/7,121,1,unknown,Air,Not provided,Twist Grip Gear Change,4,Not provided,Not provided,Not provided,Petrol,Not provided,Others,"4,199"
Piaggio,Vespa 946 125,Scooter,Not provided,2015,747 km,Not provided,Not provided,Not provided,No,Not provided,Not provided,4 stroke,9/12,125,1,unknown,Air,Not provided,Not provided,Not provided,unit swing,Disc,Not provided,Petrol,0.125,Others,"11,997"
MV Agusta,F4 1000 S,Racing Motorcycle,Not provided,2005,"18,130 km",Not provided,Not provided,Not provided,No,Not provided,Not provided,Straight | 4-stroke | DOHC,122/166,998,4,unknown,water,Not provided,Pedal Control Left,6,Chain,Disc,Disc,Petrol,0.192,Others,"18,852"
Honda,RVF 750,Sports Bike,Not provided,1994,"23,966 km",Not provided,Not provided,Not provided,No,Not provided,Not provided,V | 4 stroke | OHC,88/120,749,4,unknown,water,Not provided,Pedal Control Left,6,Chain,Disc,Disc,Petrol,0.212,Others,"41,988"
Montesa,Cota 4RT 260,Enduro/Scrambler,Not provided,2018,1 km,Not provided,Not provided,Not provided,No,Not provided,Not provided,4 stroke,1/1,259,1,unknown,Oil-air,Not provided,Not provided,Not provided,Not provided,Not provided,Not provided,Petrol,Not provided,Others,"6,770"
BMW,R 100 RS,Touring Bike,Not provided,1982,"53,477 km",Not provided,Not provided,Not provided,No,Not provided,Not provided,Boxer | 4 stroke,51/70,980,2,unknown,Air,Not provided,Pedal Control Left,5,Cardan,Disc,Drum,Petrol,0.23,Others,"7,712"
BMW,R 850 GS,Enduro/Scrambler,Not provided,1999,"67,120 km",Not provided,Not provided,Not provided,No,Not provided,Not provided,Boxer | 4 stroke,54/73,848,2,unknown,Oil-air,Not provided,Pedal Control Left,5,Cardan,Disc,Disc,Petrol,0.238,Others,"4,199"
Ducati,Panigale V4 R,Sports Bike,Not provided,2019,1 km,Not provided,Not provided,Not provided,No,Not provided,Not provided,V | 4-Takt | DOHC,163/221,955,4,unknown,water,Not provided,Pedal Control Left,6,Chain,Disc,Disc,Petrol,Not provided,Others,"21,251"
Honda,CRF 450 R,Motocross,Not provided,2018,1 km,Not provided,Not provided,Not provided,No,Not provided,Not provided,4 stroke,1/1,449,1,unknown,Oil-air,Not provided,Not provided,Not provided,Not provided,Not provided,Not provided,Petrol,0.11,Others,"8,398"
Moto Guzzi,Daytona 1000,Sports Bike,Not provided,1996,"19,010 km",Not provided,Not provided,Not provided,No,Not provided,Not provided,V | 4-stroke | OHV,70/95,992,2,unknown,Air,Not provided,Not provided,5,Cardan,Disc,Disc,Petrol,0.227,Others,"23,136"
Harley-Davidson,FXSTSB Bad Boy,Chopper,Not provided,1995,"21,610 km",Not provided,Not provided,Not provided,No,Not provided,Not provided,V | 4-stroke | OHV,43/58,1340,2,unknown,Air,Not provided,Not provided,5,Belt,Disc,Disc,Petrol,0.281,Others,"18,852"
Harley-Davidson,FLSTCI Heritage Softail Classic,Bike/Sidecar combination,Not provided,2006,1 km,Not provided,Not provided,Not provided,No,Not provided,Not provided,Twin | 4 stroke | OHV,51/70,1450,2,unknown,Air,Not provided,Pedal Control Left,6,Belt,Disc,Disc,Petrol,0.295,Others,"11,568"
Suzuki,GSX 750SF Katana,Sports Bike,Not provided,1981,2 km,Not provided,Not provided,Not provided,No,Not provided,Not provided,Straight | 4-stroke | DOHC,62/84,750,4,unknown,Air,Not provided,Not provided,5,Chain,Disc,Disc,Petrol,0.254,Others,"14,567"
Ducati,Desmosedici RR,Racing Motorcycle,Not provided,2008,"1,689 km",Not provided,Not provided,Not provided,No,Not provided,Not provided,V | 4-Takt | DOHC,138/188,990,4,unknown,water,Not provided,Not provided,6,Chain,Disc,Disc,Petrol,Not provided,Others,"94,259"
Moto Guzzi,Daytona 1000,Sports Bike,Not provided,1996,"24,480 km",Not provided,Not provided,Not provided,No,Not provided,Not provided,V | 4-stroke | OHV,70/95,992,2,unknown,Air,Not provided,Not provided,5,Cardan,Disc,Disc,Petrol,0.227,Others,"23,136"
Yamaha,YZF 750 R7,Racing Motorcycle,Not provided,2001,"4,831 km",Not provided,Not provided,Not provided,No,Not provided,Not provided,Straight | 4-stroke | DOHC,118/160,749,4,unknown,water,Not provided,Pedal Control Left,6,Chain,Disc,Disc,Petrol,0.176,Others,"47,130"
BMW,R 80 G/S,Enduro/Scrambler,Not provided,1983,"23,407 km",Not provided,Not provided,Not provided,No,Not provided,Not provided,Boxer | 4 stroke | OHC,37/50,798,2,unknown,Air,Not provided,Pedal Control Left,5,Cardan,Disc,Drum,Petrol,0.235,Others,"9,854"
KTM,990 Adventure,Enduro/Scrambler,Not provided,2007,"117,643 km",Not provided,Not provided,Not provided,No,Not provided,Not provided,V | 4-Takt,85/116,990,2,unknown,Air,Not provided,Pedal Control Left,6,Chain,Disc,Disc,Petrol,0.214,Others,"5,570"
BMW,HP2 Sport,Sports Bike,Not provided,2007,"62,472 km",Not provided,Not provided,Not provided,No,Not provided,Not provided,Straight | 4-stroke | DOHC,98/133,1170,4,unknown,water,Not provided,Pedal Control Left,6,Cardan,Disc,Disc,Petrol,0.248,Others,"12,854"
Aprilia,MXV 450,Motocross,Not provided,2007,1 km,Not provided,Not provided,Not provided,No,Not provided,Not provided,4 stroke,1/1,450,2,unknown,Oil-air,Not provided,Not provided,5,Chain,Disc,Disc,Petrol,Not provided,Others,"15,253"
Suzuki,GSX-R 750,Sports Bike,Not provided,1991,"42,805 km",Not provided,Not provided,Not provided,No,Not provided,Not provided,Straight | 4-stroke | DOHC,85/115,750,4,unknown,Oil-air,Not provided,Pedal Control Left,6,Chain,Disc,Disc,Petrol,0.234,Others,"4,627"
Honda,VFR 750R RC 30,Racing Motorcycle,Not provided,1997,"8,005 km",Not provided,Not provided,Not provided,No,Not provided,Not provided,V | 4-Takt | DOHC,88/120,750,4,unknown,water,Not provided,Pedal Control Left,6,Chain,Disc,Disc,Petrol,0.236,Others,"12,768"
Kawasaki,ZX-10,Sports Bike,Not provided,1989,"61,319 km",Not provided,Not provided,Not provided,No,Not provided,Not provided,Straight | 4-stroke | DOHC,101/137,998,4,unknown,water,Not provided,Pedal Control Left,6,Chain,Disc,Disc,Petrol,0.261,Others,"3,171"
Honda,VF 500 F,Sports Bike,Not provided,1984,"19,084 km",Not provided,Not provided,Not provided,No,Not provided,Not provided,4 stroke,51/70,500,4,unknown,Oil-air,Not provided,Not provided,6,Chain,Disc,Disc,Petrol,Not provided,Others,"2,999"
Ducati,916 R,Sports Bike,Not provided,2000,1 km,Not provided,Not provided,Not provided,No,Not provided,Not provided,V | 4-Takt | DOHC,82/112,748 (Factory: 916),2,unknown,water,Not provided,Not provided,6,Chain,Disc,Disc,Petrol,0.2,Others,"8,569"
Ducati,851 SP2,Sports Bike,Not provided,1990,"6,785 km",Not provided,Not provided,Not provided,No,Not provided,Not provided,V | 4-Takt | DOHC,80/109,851,2,unknown,water,Not provided,Pedal Control Left,6,Chain,Disc,Disc,Petrol,0.217,Others,"38,561"
Ducati,900 MHR,Racing Motorcycle,Not provided,1984,"52,135 km",Not provided,Not provided,Not provided,No,Not provided,Not provided,4 stroke | OHC,53/72,900,2,unknown,Air,Not provided,Not provided,5,Chain,Disc,Disc,Petrol,0.195,Others,"25,707"
Ducati,916,Sports Bike,Not provided,1997,"10,854 km",Not provided,Not provided,Not provided,No,Not provided,Not provided,V | 4-Takt | DOHC,82/112,916,2,unknown,water,Not provided,Not provided,6,Chain,Disc,Disc,Petrol,0.2,Others,"20,566"
BMW,R 850 GS,Enduro/Scrambler,Not provided,1999,"106,066 km",Not provided,Not provided,Not provided,No,Not provided,Not provided,Boxer | 4 stroke,54/73,850,2,unknown,Oil-air,Not provided,Pedal Control Left,5,Cardan,Disc,Disc,Petrol,0.238,Others,"4,627"
Honda,CBX 1000,Sports Bike,Not provided,1981,"80,575 km",Not provided,Not provided,Not provided,No,Not provided,Not provided,Straight | 4 stroke | OHC,77/105,1000,6,unknown,Not provided,Not provided,Not provided,5,Chain,Not provided,Not provided,Petrol,Not provided,Others,"8,569"
Piaggio,Vespa PK 50 XL,Scooter,Not provided,1987,"6,272 km",Not provided,Not provided,Not provided,No,Not provided,Not provided,2 stroke,4/5,50,1,unknown,Fan,Not provided,Twist Grip Gear Change,Not provided,unit swing,Drum,Drum,Petrol,Not provided,Others,"4,113"
Honda,XL 600R,Enduro/Scrambler,Not provided,1985,"56,528 km",Not provided,Not provided,Not provided,No,Not provided,Not provided,4-Takt | SOHC,32/44,600,1,unknown,Air,Not provided,Pedal Control Left,5,Chain,Disc,Drum,Petrol,0.135,Others,"2,999"
Ducati,996 R,Sports Bike,Not provided,2001,"35,680 km",Not provided,Not provided,Not provided,No,Not provided,Not provided,V | 4-Takt | DOHC,99/135,996,2,unknown,water,Not provided,Pedal Control Left,6,Chain,Disc,Disc,Petrol,0.2,Others,"32,562"
Ducati,Monster 1200 - 25° Anniversario,Sports Bike,Not provided,2019,"1,891 km",Not provided,Not provided,Not provided,No,Not provided,Not provided,4 stroke,1/1 (Factory: 108/147),1200,2,unknown,Oil-air,Not provided,Not provided,Not provided,Not provided,Not provided,Not provided,Petrol,0.184,Others,"23,565"
BMW,K 1200 LT,Touring Bike,Not provided,2002,"84,013 km",Not provided,Not provided,Not provided,No,Not provided,Not provided,Straight | 4-stroke | DOHC,72/98,1200,4,unknown,water,Not provided,Pedal Control Left,5,Cardan,Disc,Disc,Petrol,0.345,Others,"8,997"
Puch,Frigerio 347 RG,Motocross,Not provided,1980,1 km,Not provided,Not provided,Not provided,No,Not provided,Not provided,2 stroke,1/1,349,1,unknown,Air,Not provided,Not provided,Not provided,Not provided,Not provided,Not provided,Petrol,Not provided,Others,"7,541"
Ducati,906 Paso,Sports Bike,Not provided,1989,"29,834 km",Not provided,Not provided,Not provided,No,Not provided,Not provided,Twin | 4 stroke | SOHC,65/88,904,2,unknown,water,Not provided,Not provided,5,Chain,Disc,Disc,Petrol,Not provided,Others,"6,598"
Ducati,998,Sports Bike,Not provided,1999,239 km,Not provided,Not provided,Not provided,No,Not provided,Not provided,V | 4-Takt,1/1 (Factory: 90/123),998,2,unknown,water,Not provided,Not provided,Not provided,Not provided,Not provided,Not provided,Petrol,0.198,Others,"19,709"
Ducati,1198 R Corse Special Edition,Racing Motorcycle,Not provided,2010,1 km,Not provided,Not provided,Not provided,No,Not provided,Not provided,V | 4-Takt | DOHC,132/180,1198,2,unknown,water,Not provided,Pedal Control Left,6,Chain,Disc,Disc,Petrol,0.19,Others,"72,837"
Kawasaki,GPz 750,Touring Bike,Not provided,1984,"47,005 km",Not provided,Not provided,Not provided,No,Not provided,Not provided,Straight | 4-stroke | DOHC,64/87,750,4,unknown,Air,Not provided,Pedal Control Left,5,Chain,Disc,Disc,Petrol,0.241,Others,"2,913"
Ducati,Desmosedici RR,Racing Motorcycle,Not provided,2008,1 km,Not provided,Not provided,Not provided,No,Not provided,Not provided,V | 4-Takt | DOHC,138/188,990,4,unknown,water,Not provided,Not provided,6,Chain,Disc,Disc,Petrol,Not provided,Others,"102,828"
Ducati,851 S,Sports Bike,Not provided,1991,"69,950 km",Not provided,Not provided,Not provided,No,Not provided,Not provided,V | 4 stroke | SV,75/102,851,2,unknown,water,Not provided,Not provided,6,Not provided,Not provided,Not provided,Petrol,0.216,Others,"14,567"
Ducati,999S,Racing Motorcycle,Not provided,2005,"34,000 km",Not provided,Not provided,Not provided,No,Not provided,Not provided,Twin | 4 stroke | DOHC,100/136,999,2,unknown,Oil-air,Not provided,Pedal Control Left,6,Chain,Disc,Disc,Petrol,0.186,Others,"8,569"
Ducati,996 SPS,Sports Bike,Not provided,1999,1 km,Not provided,Not provided,Not provided,No,Not provided,Not provided,V | 4-Takt | DOHC,90/123,996,2,unknown,water,Not provided,Pedal Control Left,6,Chain,Disc,Disc,Petrol,0.21,Others,"21,423"
Ducati,1098 R,Racing Motorcycle,Not provided,2008,1 km,Not provided,Not provided,Not provided,No,Not provided,Not provided,V | 4-Takt | DOHC,132/180,1098,2,unknown,water,Not provided,Not provided,6,Chain,Disc,Disc,Petrol,0.19,Others,"21,423"
Ducati,1299 Panigale,Sportler/Supersportler,Not provided,2017,180 km,Not provided,Not provided,Not provided,No,Not provided,Not provided,4 stroke,145/197,1299,2,unknown,Oil-air,Not provided,Not provided,6,Chain,Disc,Disc,Petrol,0.166,Others,"47,130"
Yamaha,FJ 1200,Touring Bike,Not provided,1988,"91,254 km",Not provided,Not provided,Not provided,No,Not provided,Not provided,4 stroke | OHC,96/130,1200,4,unknown,Air,Not provided,Not provided,5,Chain,Not provided,Not provided,Petrol,0.259,Others,"2,913"
Suzuki,GS 500E,Touring Bike,Not provided,1982,"47,902 km",Not provided,Not provided,Not provided,No,Not provided,Not provided,Straight | 4-stroke | DOHC,35/47,500,4,unknown,Air,Not provided,Not provided,6,Chain,Disc,Disc,Petrol,0.2,Others,"2,999"
MV Agusta,F4 100 CC,Racing Motorcycle,Not provided,2009,189 km,Not provided,Not provided,Not provided,No,Not provided,Not provided,Straight | 4-stroke | DOHC,147/200,1078,4,unknown,water,Not provided,Not provided,6,Chain,Disc,Disc,Petrol,0.2,Others,"72,837"
Yamaha,YZF 600 R6,Racing Motorcycle,Not provided,2005,"58,813 km",Not provided,Not provided,Not provided,No,Not provided,Not provided,Straight | 4-stroke | DOHC,88/120,600,4,unknown,water,Not provided,Pedal Control Left,6,Chain,Disc,Disc,Petrol,0.197,Others,"5,141"
Piaggio,Vespa 50 S,Scooter,Not provided,1996,3 km,Not provided,Not provided,Not provided,No,Not provided,Not provided,2 stroke,2/3,50,1,unknown,Air,Not provided,Twist Grip Gear Change,4,unit swing,Drum,Drum,Petrol,0.07,Others,"18,852"
Aspes,Yuma 125,Racing Motorcycle,Not provided,1982,"6,831 km",Not provided,Not provided,Not provided,No,Not provided,Not provided,2 stroke | OHV,14/19,125,1,unknown,Air,Not provided,Pedal Control Right,6,Chain,Disc,Drum,Petrol,0.094,Others,"5,570"
Fantic,Caballero 50 Regolarità Competizione,"Enduro/Reiseenduro, Neufahrzeug",Not provided,2005,1 km,Not provided,Not provided,Not provided,No,Not provided,Not provided,2 stroke,1/1,50,1,unknown,Air,Not provided,Not provided,Not provided,Not provided,Not provided,Not provided,Petrol,Not provided,Others,"5,998"
Kawasaki,Z 1300,Touring Bike,Not provided,1980,"37,983 km",Not provided,Not provided,Not provided,No,Not provided,Not provided,Straight | 4-stroke | DOHC,88/120,1300,6,unknown,water,Not provided,Not provided,5,Cardan,Not provided,Not provided,Petrol,0.285,Others,"8,997"
Honda,VTR 1000 SP2,Sports Bike,Not provided,2002,"15,533 km",Not provided,Not provided,Not provided,No,Not provided,Not provided,V | 4-Takt | DOHC,99/134,1000,2,unknown,water,Not provided,Pedal Control Left,6,Chain,Disc,Disc,Petrol,0.196,Others,"16,281"
Harley-Davidson,Sportster XL 883,Touring Bike,Not provided,1993,"19,280 km",Not provided,Not provided,Not provided,No,Not provided,Not provided,V | 4-stroke | OHV,37/50,883,2,unknown,Air,Not provided,Not provided,Not provided,Chain,Disc,Disc,Petrol,Not provided,Others,"8,141"
CZ,125 Cross,Motocross,Not provided,1986,1 km,Not provided,Not provided,Not provided,No,Not provided,Not provided,2 stroke,3/4,125,1,unknown,Air,Not provided,Not provided,Not provided,Chain,Not provided,Not provided,Petrol,Not provided,Others,"4,456"
TM Racing,80 Cross,Motocross,Not provided,1993,1 km,Not provided,Not provided,Not provided,No,Not provided,Not provided,2 stroke,1/1,80,1,unknown,Air,Not provided,Not provided,Not provided,Not provided,Not provided,Not provided,Petrol,Not provided,Others,"3,856"
Maico,GS 490,Enduro/Scrambler,Not provided,1981,1 km,Not provided,Not provided,Not provided,No,Not provided,Not provided,2 stroke,39/53,490,1,unknown,Air,Not provided,Not provided,Not provided,Chain,Drum,Drum,Petrol,Not provided,Others,"6,684"
Aprilia,Motò 650,Lightweight Bike,Not provided,1995,"19,697 km",Not provided,Not provided,Not provided,No,Not provided,Not provided,4 stroke,31/42,650,1,unknown,Oil-air,Not provided,Not provided,5,Chain,Disc,Disc,Petrol,Not provided,Others,"3,513"
Ducati,1199 R Panigale,Sports Bike,Not provided,2013,"15,514 km",Not provided,Not provided,Not provided,No,Not provided,Not provided,V | 4-Takt | DOHC,143/195,1199,2,unknown,water,Not provided,Pedal Control Left,6,Chain,Disc,Disc,Petrol,0.164,Others,"16,281"
Ducati,851 SP3,Sports Bike,Not provided,1991,"42,138 km",Not provided,Not provided,Not provided,No,Not provided,Not provided,V | 4-Takt | DOHC,87/118,851,2,unknown,water,Not provided,Not provided,6,Chain,Disc,Disc,Petrol,0.216,Others,"28,706"
Honda,CN 250 Helix,Scooter,Not provided,1992,"20,221 km",Not provided,Not provided,Not provided,No,Not provided,Not provided,4 stroke | OHC,13/17,250,1,unknown,water,Not provided,Not provided,Not provided,Belt,Disc,Drum,Petrol,Not provided,Others,"2,999"
Bimota,DB5 S 1100,Sports Bike,Not provided,2011,1 km,Not provided,Not provided,Not provided,No,Not provided,Not provided,4 stroke,70/95,1100,2,unknown,Oil-air,Not provided,Not provided,Not provided,Chain,Disc,Disc,Petrol,0.189,Others,"15,424"
Aprilia,RSV Mille,Racing Motorcycle,Not provided,2000,1 km,Not provided,Not provided,Not provided,No,Not provided,Not provided,V | 4-Takt | DOHC,94/128,1000,2,unknown,water,Not provided,Not provided,6,Chain,Disc,Disc,Petrol,0.22,Others,"14,139"
Ducati,MH 900e,Sports Bike,Not provided,2002,1 km,Not provided,Not provided,Not provided,No,Not provided,Not provided,Twin | 4 stroke | SOHC,55/75,900,2,unknown,Air,Not provided,Not provided,6,Chain,Disc,Disc,Petrol,0.2,Others,"46,273"
Triumph,Speed Triple,Sports Bike,Not provided,1995,"10,592 km",Not provided,Not provided,Not provided,No,Not provided,Not provided,Straight | 4-stroke | DOHC,72/98,900,3,unknown,water,Not provided,Not provided,6,Chain,Disc,Disc,Petrol,0.209,Others,"10,711"
Moto Guzzi,V 35,Touring Bike,Not provided,1980,"8,740 km",Not provided,Not provided,Not provided,No,Not provided,Not provided,V | 4-stroke | OHV,24/33,346,2,unknown,Air,Not provided,Not provided,Not provided,Cardan,Not provided,Not provided,Petrol,Not provided,Others,"3,171"
Moto Guzzi,V 35 Imola II,Touring Bike,Not provided,1983,"55,663 km",Not provided,Not provided,Not provided,No,Not provided,Not provided,V | 4-stroke | OHV,26/35,350,2,unknown,Air,Not provided,Not provided,5,Cardan,Disc,Disc,Petrol,Not provided,Others,"3,342"
Triumph,Thruxton 900,Café Racer,Not provided,2008,"37,132 km",Not provided,Not provided,Not provided,No,Not provided,Yes,Straight | 4-stroke | DOHC,51/69,900,2,unknown,Air,Not provided,Not provided,5,Chain,Disc,Disc,Petrol,Not provided,Others,"5,913"
BMW,R 100 G/S,Enduro/Scrambler,Not provided,1994,"77,488 km",Not provided,Not provided,Not provided,No,Not provided,Not provided,Boxer | 4 stroke,44/60,1000,2,unknown,Air,Not provided,Pedal Control Left,5,Cardan,Disc,Drum,Petrol,0.21,Others,"11,911"
Honda,VTR 1000 F Fire Storm,Sports Bike,Not provided,1999,"34,189 km",Not provided,Not provided,Not provided,No,Not provided,Not provided,V | 4-Takt | DOHC,81/110,1000,2,unknown,water,Not provided,Not provided,6,Chain,Disc,Disc,Petrol,0.215,Others,"13,710"
Bimota,YB9 SRi,Sports Bike,Not provided,1994,1 km,Not provided,Not provided,Not provided,No,Not provided,Not provided,4 stroke,78/106,600,4,unknown,Oil-air,Not provided,Not provided,6,Chain,Disc,Disc,Petrol,0.175,Others,"9,940"
Yamaha,XJR 1300,Touring Bike,Not provided,1999,"38,036 km",Not provided,Not provided,Not provided,No,Not provided,Not provided,Straight | 4-stroke | DOHC,77/105,1251,4,unknown,Air,Not provided,Pedal Control Left,5,Chain,Disc,Disc,Petrol,0.24,Others,"5,913"
Honda,CB 500E,Touring Bike,Not provided,1997,"27,485 km",Not provided,Not provided,Not provided,No,Not provided,Not provided,Straight | 4 stroke | OHC,43/58,500,2,unknown,water,Not provided,Pedal Control Left,6,Chain,Disc,Disc,Petrol,0.173,Others,"2,656"
Honda,Rune NRX 1800,Chopper,Not provided,2004,"40,191 km",Not provided,Not provided,Not provided,No,Not provided,Not provided,4 stroke,87/118,1832,6,unknown,Oil-air,Not provided,Not provided,5,Cardan,Disc,Disc,Petrol,Not provided,Others,"21,851"
KTM,250 EXC-F,Enduro/Scrambler,Not provided,2018,1 km,Not provided,Not provided,Not provided,No,Not provided,Not provided,4 stroke,1/1 (Factory: 29/40),250,1,unknown,Oil-air,Not provided,Not provided,6,Chain,Disc,Disc,Petrol,Not provided,Others,"20,566"
Honda,XRV 750 Africa Twin,Enduro/Scrambler,Not provided,1990,"73,634 km",Not provided,Not provided,Not provided,No,Not provided,Not provided,Twin | 4 stroke,46/62,750,2,unknown,water,Not provided,Pedal Control Left,5,Chain,Disc,Disc,Petrol,0.218,Others,"6,684"
Ducati,Monster 900,Sports Bike,Not provided,1994,"10,809 km",Not provided,Not provided,Not provided,No,Not provided,Not provided,V | 4 stroke | OHC,59/80,900,2,unknown,Air,Not provided,Pedal Control Left,5,Chain,Disc,Disc,Petrol,0.185,Others,"8,997"
MV Agusta,Brutale 910,Naked Bike,Not provided,2005,"3,797 km",Not provided,Not provided,Not provided,No,Not provided,Not provided,4 stroke,100/136,910,4,unknown,Oil-air,Not provided,Not provided,6,Not provided,Disc,Disc,Petrol,Not provided,Others,"11,397"
Kawasaki,Ninja 1000 ZX-10RR,Sports Bike,Not provided,2017,1 km,Not provided,Not provided,Not provided,No,Not provided,Not provided,4 stroke,147/200,1000,4,unknown,Oil-air,Not provided,Not provided,6,Chain,Disc,Disc,Petrol,0.206,Others,"49,700"
Honda,XRV 650 Africa Twin,Enduro/Scrambler,Not provided,1989,"83,827 km",Not provided,Not provided,Not provided,No,Not provided,Not provided,Twin | 4 stroke | SOHC,42/57,650,2,unknown,water,Not provided,Pedal Control Left,5,Chain,Disc,Disc,Petrol,0.22,Others,"8,141"
Honda,VT 750 C2 Shadow,Chopper,Not provided,2002,"35,482 km",Not provided,Not provided,Not provided,No,Not provided,Not provided,V | 4 stroke | OHC,32/43,745,2,unknown,water,Not provided,Pedal Control Left,5,Chain,Disc,Drum,Petrol,0.23,Others,"4,370"
Suzuki,GSX-R 600,Sports Bike,Not provided,2001,"32,427 km",Not provided,Not provided,Not provided,No,Not provided,Not provided,Straight | 4-stroke | DOHC,78/106,600,4,unknown,water,Not provided,Pedal Control Left,6,Chain,Disc,Disc,Petrol,0.174,Others,"3,942"
Yamaha,FZX 750,Touring Bike,Not provided,1994,"49,205 km",Not provided,Not provided,Not provided,No,Not provided,Not provided,Straight | 4-stroke | DOHC,63/85,750,4,unknown,water,Not provided,Not provided,6,Chain,Disc,Disc,Petrol,0.2,Others,"4,199"
Bimota,SB6-R,Racing Motorcycle,Not provided,1998,1 km,Not provided,Not provided,Not provided,No,Not provided,Not provided,Straight | 4-stroke | DOHC,115/156,1100,4,unknown,water,Not provided,Pedal Control Left,5,Chain,Disc,Disc,Petrol,0.19,Others,"12,425"
Honda,CBR 600RR,Racing Motorcycle,Not provided,1994,1 km,Not provided,Not provided,Not provided,No,Not provided,Not provided,Straight | 4-stroke | DOHC,99/135,600,4,unknown,water,Not provided,Not provided,6,Chain,Disc,Disc,Petrol,0.186,Others,"3,856"
Fantic,Trial 200 (FM350),Motocross,Not provided,1983,1 km,Not provided,Not provided,Not provided,No,Not provided,Not provided,2 stroke,1/1 (Factory: 10/14),157,1,unknown,Air,Not provided,Not provided,Not provided,Not provided,Not provided,Not provided,Petrol,Not provided,Others,"2,828"
Harley-Davidson,MPH Special The Champ 01,Chopper,Not provided,2009,1 km,Not provided,Not provided,Not provided,No,Not provided,Not provided,V | 4-stroke | OHV,60/82,1558,2,unknown,water,Not provided,Pedal Control Left,6,Chain,Disc,Disc,Petrol,Not provided,Others,"35,990"
Ducati,Monster 900,Sports Bike,Not provided,1995,"4,548 km",Not provided,Not provided,Not provided,No,Not provided,Not provided,V | 4 stroke | OHC,59/80,900,2,unknown,Air,Not provided,Pedal Control Left,5,Chain,Disc,Disc,Petrol,0.185,Others,"18,766"
Suzuki,GS 1000 E,Touring Bike,01/1980,1980,"25,000 km",Not provided,Not provided,Not provided,No,Not provided,No,Straight | 4-stroke | DOHC,66/90,997,4,Electric starter,Air,Manual,Not provided,5,Chain,Disc,Disc,Petrol,0.255,Red,"2,999"
Suzuki,GS 1000 L,Chopper/Cruiser,Not provided,1981,"55,963 km",Not provided,Not provided,Not provided,No,Not provided,Not provided,4 stroke,68/92,1000,4,Electric starter,Air,Manual,Not provided,5,Cardan,Disc,Disc,Petrol,Not provided,Others,"3,385"
Honda,VF 750,Touring Bike,04/1983,1983,"49,000 km",Not provided,Not provided,Not provided,No,2,No,V | 4-Takt | DOHC,63/86,748,4,Electric starter,water,Manual,Pedal Control Left,6,Cardan,Disc,Drum,Petrol,0.228,White,"2,956"
Moto Guzzi,Nevada 750,Cruiser,Not provided,1996,"49,000 km",Not provided,Not provided,Not provided,No,Not provided,Not provided,V | 4-stroke | OHV,43/58,744,2,unknown,Air,Not provided,Pedal Control Left,5,Cardan,Disc,Disc,Petrol,Not provided,Black,"3,342"
Triumph,Daytona 900,Touring Bike,06/1993,1993,"72,000 km",SMTTC357DDP006844,D006946,Not provided,Yes,1,No,Straight | 4-stroke | DOHC,85/115,885,3,Electric starter,water,Manual,Pedal Control Left,6,Chain,Disc,Disc,Petrol,0.22,Yellow,"2,571"
Harley-Davidson,FXSTC 1340 Softail Custom,Chopper,Not provided,1995,"36,000 km",Not provided,Not provided,Not provided,No,Not provided,Not provided,V | 4-stroke | OHV,40/54,1337,2,unknown,Air,Not provided,Not provided,5,Belt,Disc,Disc,Petrol,0.28,Black,"9,169"
Yamaha,V-Max 1200,Touring Bike,Not provided,2000,"65,000 km",Not provided,Not provided,Not provided,No,Not provided,Not provided,Straight | 4-stroke | DOHC,75/102,1198,4,unknown,water,Not provided,Pedal Control Left,5,Cardan,Disc,Disc,Petrol,0.27,Black,"5,141"
Honda,XR 250 R,Motocross,Not provided,1982,"1,500 km",Not provided,Not provided,Not provided,No,Not provided,Not provided,4 stroke,1/1 (Factory: 18/24),1 (Factory: 249),2,unknown,Air,Not provided,Not provided,Not provided,Not provided,Not provided,Not provided,Petrol,Not provided,Red,"5,141"
Honda,CB 1100 R,Touring Bike,08/1982,1982,"10,408 km",SC08-2001345,SC05E-2101361,Not provided,No,2,No,Straight | 4 stroke | OHC,74/100 (Factory: 85/115),1062,4,Electric starter,Not provided,Manual,Pedal Control Left,5,Chain,Disc,Disc,Petrol,Not provided,White,"21,337"
Jawa,350 Type 634,Touring Bike,01/1982,1982,"18,590 km",Not provided,Not provided,Not provided,No,1,Not provided,2 stroke,19/26,344,2,Kickstarter,Air,Manual,Not provided,4,Chain,Not provided,Not provided,Petrol,0.155,Green,"2,571"
Piaggio,Vespa 125 Primavera ET3,Scooter,Not provided,1981,15 km,Not provided,Not provided,Not provided,No,Not provided,Not provided,2 stroke,5/7,123,1,Kickstarter,Fan,Manual,Twist Grip Gear Change,3,unit swing,Drum,Drum,Petrol,0.078,Others,"5,997"
BMW,R NineT,Cruiser,Not provided,2018,24 mls,Not provided,Not provided,Not provided,No,Not provided,Yes,Boxer | 4 stroke,81/110,1170,2,Electric starter,Oil-air,Manual,Pedal Control Left,6,Cardan,Disc,Disc,Petrol,0.222,White,"11,995"
Harley-Davidson,Touring Street Glide FLHX,Chopper,Not provided,2010,"5,000 km",Not provided,Not provided,Not provided,No,Not provided,No,V | 4-stroke | OHV,60/82,1690,2,Electric starter,Air,Not provided,Pedal Control Left,Not provided,Chain,Not provided,Not provided,Petrol,0.332,Black,"17,995"
BMW,R 80 G/S,Enduro/Scrambler,08/1987,1987,"2,500 km",6292492,Not provided,Not provided,No,3,No,Boxer | 4 stroke | OHC,63/85 (Factory: 37/50),1096 (Factory: 798),2,Electric starter,Air,Manual,Pedal Control Left,5,Cardan,Disc,Drum,Petrol,0.235,Black,"41,885"
Moto Guzzi,V 35 II,Touring Bike,Not provided,1982,1 km,Not provided,Not provided,Not provided,Yes,1,Yes,V | 4-stroke | OHV,20/27,346,2,Electric starter,Air,Manual,Pedal Control Left,5,Cardan,Disc,Disc,Petrol,0.185,Red,"3,856"
Gilera,125 E1 Competizione,Motocross,Not provided,1983,1 km,Not provided,Not provided,Not provided,Yes,Not provided,No,2 stroke,22/30,123,1,Kickstarter,Oil-air,Manual,Not provided,6,Not provided,Not provided,Not provided,Petrol,0.98,Red,"5,056"
BMW,R 100 R,Touring Bike,Not provided,1992,"65,000 km",Not provided,Not provided,Not provided,No,Not provided,Not provided,Boxer | 4 stroke,44/60,980,2,unknown,Oil-air,Not provided,Not provided,5,Cardan,Disc,Disc,Petrol,0.21,Green,"10,968"
Moto Guzzi,California III,Touring Bike,Not provided,1993,"22,000 km",Not provided,Not provided,Not provided,No,Not provided,Not provided,V | 4-stroke | OHV,49/67,949,2,unknown,Air,Not provided,Not provided,5,Cardan,Disc,Disc,Petrol,0.25,Grey,"3,856"
BMW,R 80,Touring Bike,04/1987,1987,"41,456 km",Not provided,Not provided,Not provided,No,1,Not provided,Straight | 4-stroke | DOHC,37/50,797,2,unknown,Not provided,Not provided,Not provided,5,Cardan,Disc,Drum,Petrol,Not provided,Red,"8,569"
BMW,R 100,Sports Bike,07/1983,1983,"49,937 km",Not provided,Not provided,Not provided,No,1,Not provided,Boxer | 4 stroke | OHV,49/66,971,2,unknown,Not provided,Not provided,Not provided,Not provided,Not provided,Not provided,Not provided,Petrol,Not provided,Black,"8,569"
MZ,ETZ 250 Gespann,Bike/Sidecar combination,01/1988,1988,"33,547 km",Not provided,Not provided,Not provided,No,Not provided,Not provided,2 stroke,15/21,248,1,unknown,Air,Not provided,Not provided,Not provided,Chain,Not provided,Not provided,Petrol,Not provided,Not specified,"5,570"
MZ,ETZ 250,Touring Bike,01/1987,1987,"4,647 km",Not provided,Not provided,Not provided,No,1,Not provided,2 stroke,15/21,243,1,unknown,Air,Not provided,Not provided,Not provided,Chain,Not provided,Not provided,Petrol,Not provided,Green,"4,970"
MZ,ETZ 250 Gespann,Bike/Sidecar combination,05/1986,1986,"11,454 km",Not provided,Not provided,Not provided,No,1,Not provided,2 stroke,15/21,243,1,unknown,Air,Not provided,Not provided,Not provided,Chain,Not provided,Not provided,Petrol,Not provided,Red,"3,856"
MZ,ETZ 250,Touring Bike,01/1985,1985,"33,701 km",Not provided,Not provided,Not provided,No,1,Not provided,2 stroke,15/21,243,1,unknown,Air,Not provided,Not provided,Not provided,Chain,Not provided,Not provided,Petrol,Not provided,Green,"3,856"
MZ,ETZ 250,Touring Bike,04/1983,1983,"22,460 km",Not provided,Not provided,Not provided,No,1,Not provided,2 stroke,15/21,243,1,unknown,Air,Not provided,Not provided,Not provided,Chain,Not provided,Not provided,Petrol,Not provided,Blue,"3,256"
MZ,ETZ 250,Touring Bike,10/1982,1982,"42,971 km",Not provided,Not provided,Not provided,No,Not provided,Not provided,2 stroke,15/21,243,1,unknown,Air,Not provided,Not provided,Not provided,Chain,Not provided,Not provided,Petrol,Not provided,Red,"2,999"
Simson,SR50/1 XG/XS,Scooter,01/1992,1992,"9,386 km",Not provided,Not provided,Not provided,No,1,Not provided,2 stroke,3/4 (Factory: 2/3),49,1,unknown,Air,Not provided,Not provided,4,Not provided,Not provided,Not provided,Petrol,0.083,Yellow,"2,999"
Motobécane,Moby,Moped,01/1980,1980,75 km,Not provided,Not provided,Not provided,No,1,Not provided,2 stroke,3/4 (Factory: 2/3),49,1,unknown,Air,Not provided,Not provided,Not provided,Chain,Drum,Drum,Petrol,Not provided,White,"2,999"
Simson,Schwalbe KR 51/2,Moped,01/1982,1982,"7,156 km",Not provided,Not provided,Not provided,No,1,Not provided,2 stroke,3/4,49,1,unknown,Air,Not provided,Not provided,Not provided,Not provided,Not provided,Not provided,Petrol,Not provided,Yellow,"2,571"
MZ,TS 250,Touring Bike,07/1983,1983,"10,000 km",Not provided,Not provided,Not provided,No,2,Not provided,2 stroke,14/19,243,1,unknown,Air,Not provided,Not provided,Not provided,Chain,Not provided,Not provided,Petrol,Not provided,Black,"2,828"
BMW,F 650,Enduro/Scrambler,01/1995,1995,1 km,Not provided,Not provided,Not provided,No,1,No,4 stroke,35/48,652,Not provided,Electric starter,Not provided,Manual,Pedal Control Left,5,Chain,Disc,Disc,Petrol,0.189,Red,"5,913"
Harley-Davidson,FLHTC Electra Glide Classic,Chopper/Cruiser,Not provided,2005,"45,706 mls",Not provided,Not provided,Not provided,No,Not provided,No,4 stroke,49/67,1449,2,Electric starter,Oil-air,Manual,Not provided,Not provided,Chain,Disc,Disc,Petrol,Not provided,Orange,"12,639"
Honda,NSR 125 R,Sports Bike,01/1990,1990,"39,650 km",Not provided,Not provided,Not provided,No,Not provided,No,2 stroke,21/28,125,1,Electric starter,water,Manual,Pedal Control Left,6,Chain,Disc,Disc,Petrol,Not provided,Others,"3,162"
Kawasaki,Z 1000R,Racing Motorcycle,Not provided,1983,Not provided,Not provided,Not provided,Not provided,Yes,Not provided,No,Straight | 4-stroke | DOHC,75/102,998,4,Electric starter,Air,Manual,Pedal Control Left,5,Chain,Disc,Disc,Petrol,0.256,Green,"11,911"
Suzuki,VS 1400GL Intruder,Chopper,Not provided,1998,"42,833 km",Not provided,Not provided,Not provided,No,Not provided,Not provided,V | 4 stroke | OHC,45/61,1360,2,Electric starter,Oil-air,Manual,Pedal Control Left,4,Cardan,Disc,Disc,Petrol,0.243,Black,"6,255"
Honda,GL 1000 Gold Wing,Touring Bike,Not provided,1980,Not provided,GL1-3026024,GL1-3026120,Not provided,Yes,Not provided,No,Twin | 4 stroke | SOHC,57/78,999,4,Electric starter,water,Manual,Not provided,5,Cardan,Disc,Disc,Petrol,0.273,Red,"5,141"
Kreidler,Florett,Lightweight Bike,01/1982,1982,1 km,Not provided,Not provided,Not provided,No,Not provided,Not provided,2 stroke,7/9,80,1,Kickstarter,Air,Manual,Pedal Control Left,4,Not provided,Drum,Drum,Petrol,0.085,Blue,"2,785"
Honda,VFR 750F,Touring Bike,Not provided,1984,"34,000 km",Not provided,Not provided,Not provided,No,Not provided,Not provided,V | 4-Takt | DOHC,78/106,748,4,Electric starter,water,Manual,Not provided,6,Chain,Disc,Disc,Petrol,0.23,White,"2,571"
Moto Guzzi,1000 SP,Touring Bike,Not provided,1982,"64,000 km",Not provided,Not provided,Not provided,No,Not provided,Not provided,V | 4-stroke | OHV,45/61,949,2,unknown,Air,Not provided,Not provided,Not provided,Cardan,Not provided,Not provided,Petrol,Not provided,Blue,"4,542"
Honda,CR 250,Motocross,Not provided,1991,100 km,Not provided,Not provided,Not provided,No,Not provided,Not provided,2 stroke,0/0,250,Not provided,Kickstarter,Not provided,Not provided,Not provided,Not provided,Not provided,Not provided,Not provided,Petrol,Not provided,Red,"4,713"
Ducati,750 SS,Sports Bike,Not provided,1992,"65,000 km",Not provided,Not provided,Not provided,No,Not provided,Not provided,V | 4-Takt | DOHC,49/66,748,2,Electric starter,Air,Manual,Not provided,5,Chain,Disc,Disc,Petrol,0.188,Red,"2,828"
BMW,R 45,Touring Bike,Not provided,1981,"97,200 km",Not provided,Not provided,Not provided,No,Not provided,Not provided,Boxer | 4 stroke,26/35,470,2,unknown,Air,Manual,Not provided,5,Cardan,Disc,Drum,Petrol,0.185,Blue,"3,085"
BMW,R 100 G/S,Enduro/Scrambler,Not provided,1992,"64,942 km",Not provided,Not provided,Not provided,No,Not provided,Not provided,Boxer | 4 stroke,44/60,980,2,Electric starter,Air,Manual,Pedal Control Left,5,Cardan,Disc,Drum,Petrol,0.21,Black,"7,712"
Benelli,900 Sei,Touring Bike,Not provided,1985,"14,630 km",Not provided,Not provided,Not provided,No,Not provided,Not provided,Straight | 4 stroke | SOHC,59/80,906,6,Electric starter,Air,Manual,Not provided,5,Chain,Disc,Disc,Petrol,0.25,Black,"17,129"
Ducati,1098 R,Racing Motorcycle,Not provided,2009,"7,850 km",Not provided,Not provided,Not provided,No,> 6,Not provided,V | 4-Takt | DOHC,132/180,1198,2,Electric starter,water,Not provided,Not provided,6,Chain,Disc,Disc,Petrol,0.19,White,"29,992"
Harley-Davidson,Dyna Glide Custom,Cruiser,Not provided,1988,"2,936 km",Not provided,Not provided,Not provided,No,Not provided,Not provided,V | 4-stroke | OHV,36/49,1337,2,Electric starter,Air,Manual,Pedal Control Left,5,Belt,Disc,Disc,Petrol,0.28,Others,"13,925"
Yamaha,TZ 350,Racing Motorcycle,Not provided,1982,Not provided,Not provided,Not provided,Not provided,No,Not provided,No,Twin | 2 stroke,47/64,350,2,Push start,water,Manual,Pedal Control Left,6,Chain,Disc,Disc,Petrol,Not provided,Black,"15,000"
Honda,CB 750F,Touring Bike,Not provided,1984,"26,000 km",Not provided,Not provided,Not provided,No,Not provided,Not provided,Straight | 4 stroke | OHC,57/78,748,4,unknown,Air,Manual,Not provided,5,Chain,Disc,Disc,Petrol,Not provided,White,"3,770"
BMW,R 100 RS,Touring Bike,Not provided,1990,"11,727 km",Not provided,Not provided,Not provided,No,Not provided,Not provided,Boxer | 4 stroke | OHV,44/60,979,2,Electric starter,Air,Manual,Pedal Control Left,5,Cardan,Disc,Drum,Petrol,0.243,White,"5,656"
Ducati,900 MHR,Racing Motorcycle,Not provided,1984,"27,548 km",Not provided,Not provided,Not provided,No,Not provided,No,4 stroke | OHC,53/72,864,2,Electric starter,Air,Manual,Not provided,5,Chain,Disc,Disc,Petrol,0.195,Red,"19,623"
Piaggio,Vespa 125 Primavera ET3,Scooter,Not provided,1981,12 km,Not provided,Not provided,Not provided,No,Not provided,Not provided,2 stroke,5/7,123,1,Kickstarter,Fan,Not provided,Twist Grip Gear Change,3,unit swing,Drum,Drum,Petrol,0.078,Others,"5,997"
Piaggio,Vespa 125 Primavera ET3,Scooter,Not provided,1981,8 km,Not provided,Not provided,Not provided,No,Not provided,Not provided,2 stroke,5/7,123,1,Kickstarter,Fan,Not provided,Twist Grip Gear Change,3,unit swing,Drum,Drum,Petrol,0.078,Others,"5,997"
Piaggio,Vespa 125 Primavera ET3,Scooter,Not provided,1982,15 km,Not provided,Not provided,Not provided,No,Not provided,Not provided,2 stroke,5/7,123,1,Kickstarter,Fan,Manual,Twist Grip Gear Change,3,unit swing,Drum,Drum,Petrol,0.078,Others,"5,997"
Piaggio,Vespa 125 Primavera ET3,Scooter,Not provided,1981,8 km,Not provided,Not provided,Not provided,No,Not provided,Not provided,2 stroke,5/7,123,1,Kickstarter,Fan,Not provided,Twist Grip Gear Change,3,unit swing,Drum,Drum,Petrol,0.078,Others,"5,997"
Suzuki,XR69 Harris F1,Racing Motorcycle,Not provided,1982,1 km,Not provided,Not provided,Not provided,No,Not provided,Not provided,Straight | 4-stroke | DOHC,99/134,1000,4,unknown,Air,Not provided,Pedal Control Left,5,Chain,Disc,Disc,Petrol,0.175,Others,"24,679"
Piaggio,Vespa APE TM,Three Wheeler/Trike,Not provided,1998,200 km,Not provided,Not provided,Not provided,No,Not provided,Not provided,2 stroke,1/1 (Factory: 5/7),1 (Factory: 218),1,unknown,Not provided,Not provided,Not provided,Not provided,Not provided,Not provided,Not provided,Petrol,Not provided,Blue,"11,054"
Yamaha,XVZ 1300 Royal Star,Chopper,Not provided,1999,"69,000 km",Not provided,Not provided,Not provided,No,Not provided,Not provided,V | 4-Takt | DOHC,55/75,1294,4,Electric starter,water,Manual,Pedal Control Left,5,Cardan,Disc,Disc,Petrol,0.34,Blue,"7,541"
BMW,R 80 GS Basic,Enduro/Scrambler,Not provided,1997,"10,855 km",Not provided,Not provided,Not provided,No,Not provided,Not provided,Boxer | 4 stroke | OHC,37/50,798,2,Electric starter,Air,Manual,Pedal Control Left,5,Cardan,Disc,Drum,Petrol,0.22,White,"18,423"
Harley-Davidson,FXDWG Dyna Wide Glide,Chopper,Not provided,1993,"30,130 km",Not provided,Not provided,Not provided,No,Not provided,Not provided,Twin | 4 stroke | OHV,40/55,1337,2,Electric starter,Air,Not provided,Not provided,5,Belt,Disc,Drum,Petrol,Not provided,Black,"10,968"
BMW,K 100,Touring Bike,Not provided,1984,"108,000 km",Not provided,Not provided,Not provided,No,Not provided,Not provided,Straight | 4-stroke | DOHC,70/95,987,4,Electric starter,Oil-air,Not provided,Not provided,Not provided,Cardan,Disc,Disc,Petrol,0.23,Others,"2,998"
BMW,R 100 G/S,Enduro/Scrambler,Not provided,1992,"64,942 km",Not provided,Not provided,Not provided,No,Not provided,Not provided,Boxer | 4 stroke,44/60,980,2,Electric starter,Air,Manual,Pedal Control Left,5,Cardan,Disc,Drum,Petrol,0.21,Black,"7,712"
Honda,CR 250,Motocross,Not provided,1991,100 km,Not provided,Not provided,Not provided,No,Not provided,Not provided,2 stroke,0/0,1 (Factory: 250),Not provided,unknown,Not provided,Not provided,Not provided,Not provided,Not provided,Not provided,Not provided,Petrol,Not provided,Red,"4,713"
Honda,CBR 900RR Fireblade,Sports Bike,Not provided,1998,"53,415 km",Not provided,Not provided,Not provided,No,Not provided,Not provided,Straight | 4-stroke | DOHC,96/130,919,4,Electric starter,water,Manual,Pedal Control Left,6,Chain,Disc,Disc,Petrol,0.204,Black,"2,742"
BMW,R 80 G/S,Enduro/Scrambler,Not provided,1992,"40,000 km",Not provided,Not provided,Not provided,No,Not provided,Not provided,Boxer | 4 stroke | OHC,37/50,798,2,Electric starter,Air,Manual,Pedal Control Left,5,Cardan,Disc,Drum,Petrol,0.235,Black,"5,141"
BMW,R 100 R,Touring Bike,Not provided,1994,"32,800 km",Not provided,Not provided,Not provided,No,Not provided,Not provided,Boxer | 4 stroke,44/60,980,2,Electric starter,Oil-air,Manual,Not provided,5,Cardan,Disc,Disc,Petrol,0.21,Blue,"6,770"
Triumph,Legend TT,Touring Bike,Not provided,2000,"29,800 km",Not provided,Not provided,Not provided,No,Not provided,Not provided,Straight | 4-stroke | DOHC,51/69,885,3,Electric starter,water,Manual,Not provided,5,Chain,Disc,Disc,Petrol,0.23,Black,"4,370"
Suzuki,GSF 1200S Bandit,Touring Bike,Not provided,1999,"49,000 km",Not provided,Not provided,Not provided,No,Not provided,Not provided,Straight | 4-stroke | DOHC,72/98,1157,4,Electric starter,Oil-air,Manual,Not provided,5,Chain,Disc,Disc,Petrol,0.22,Others,"3,685"
Honda,VF 1000F,Touring Bike,Not provided,1986,"64,000 km",Not provided,Not provided,Not provided,No,Not provided,Not provided,V | 4-Takt | DOHC,90/122,998,2,Electric starter,water,Manual,Not provided,5,Chain,Disc,Disc,Petrol,0.26,Red,"3,213"
Honda,ST 1100 Pan European,Touring Bike,Not provided,1990,"87,200 km",Not provided,Not provided,Not provided,No,Not provided,Not provided,V | 4-Takt,72/98,1084,4,Electric starter,water,Not provided,Not provided,5,Cardan,Disc,Disc,Petrol,0.327,Grey,"3,256"
Ducati,600 SL Pantah,Sports Bike,Not provided,1983,300 km,Not provided,Not provided,Not provided,No,Not provided,Not provided,4 stroke | DOHC,38/52,583,2,unknown,Not provided,Not provided,Not provided,Not provided,Chain,Not provided,Not provided,Petrol,Not provided,Red,"11,911"
BMW,K 100 LT,Touring Bike,Not provided,1987,"117,368 km",Not provided,Not provided,Not provided,No,Not provided,Not provided,Straight | 4-stroke | DOHC,66/90,987,4,Electric starter,water,Manual,Not provided,5,Cardan,Disc,Disc,Petrol,0.283,Gold,"2,571"
BMW,K 100 RS,Touring Bike,Not provided,1984,"55,000 km",Not provided,Not provided,Not provided,No,Not provided,Not provided,Straight | 4-stroke | DOHC,66/90,987,4,Electric starter,water,Manual,Not provided,5,Cardan,Disc,Disc,Petrol,0.253,Silver,"3,342"
Honda,F6C Valkyrie,Chopper,Not provided,2000,"58,000 km",Not provided,Not provided,Not provided,No,Not provided,Not provided,Boxer | 4-Takt | SOHC,74/100,1520,6,Electric starter,water,Manual,Not provided,5,Cardan,Disc,Disc,Petrol,0.309,Blue,"7,284"
BMW,R 45,Touring Bike,Not provided,1981,"97,200 km",Not provided,Not provided,Not provided,No,Not provided,Not provided,Boxer | 4 stroke,26/35,470,2,unknown,Air,Manual,Not provided,5,Cardan,Disc,Drum,Petrol,0.185,Blue,"3,256"
Honda,GL 1500 Gold Wing,Touring Bike,Not provided,1992,"124,800 km",Not provided,Not provided,Not provided,No,Not provided,Not provided,Boxer | 4-Takt | SOHC,72/98,1520,6,Electric starter,water,Manual,Pedal Control Left,5,Cardan,Disc,Disc,Petrol,0.39,Black,"6,341"
Gilera,RC 125 Rally,Enduro/Scrambler,Not provided,1990,"10,000 km",Not provided,Not provided,Not provided,No,Not provided,Not provided,2 stroke,18/24,124,1,Electric starter,water,Manual,Pedal Control Left,6,Chain,Disc,Drum,Petrol,Not provided,Black,"2,828"
Aprilia,Moto 6.5,Racing Motorcycle,Not provided,1999,"1,300 km",Not provided,Not provided,Not provided,No,Not provided,Not provided,4 stroke | DOHC,32/43,649,1,Electric starter,water,Manual,Pedal Control Left,5,Chain,Disc,Disc,Petrol,0.15,Orange,"8,569"
BMW,R 100 CS,Touring Bike,Not provided,1981,"19,300 km",Not provided,Not provided,Not provided,No,Not provided,Not provided,Boxer | 4 stroke,51/70,980,2,Electric starter,Air,Manual,Pedal Control Left,5,Cardan,Disc,Disc,Petrol,0.22,Black,"9,340"
Ducati,916 Strada,Sports Bike,Not provided,1999,"33,900 km",Not provided,Not provided,Not provided,No,Not provided,Not provided,V | 4-Takt | DOHC,82/112,916,2,Electric starter,water,Manual,Not provided,6,Chain,Disc,Disc,Petrol,0.2,Red,"15,510"
Honda,XRV 750 Africa Twin,Enduro/Scrambler,Not provided,1998,"6,400 km",Not provided,Not provided,Not provided,No,Not provided,Not provided,Twin | 4 stroke,46/62,742,2,Electric starter,water,Manual,Pedal Control Left,5,Chain,Disc,Disc,Petrol,0.218,Black,"4,199"
Moto Guzzi,850 T 5,Touring Bike,Not provided,1984,"44,000 km",Not provided,Not provided,Not provided,No,Not provided,Not provided,V | 4-stroke | OHV,51/69,844,2,unknown,Air,Manual,Not provided,5,Cardan,Disc,Disc,Petrol,0.23,Others,"7,626"
Suzuki,GSX 750 F,Touring Bike,Not provided,1999,"40,330 km",Not provided,Not provided,Not provided,No,Not provided,Not provided,Straight | 4-stroke | DOHC,68/93,750,4,Electric starter,Oil-air,Manual,Not provided,6,Chain,Disc,Disc,Petrol,0.23,Grey,"2,571"
Yamaha,XT 600 E,Enduro/Scrambler,Not provided,1991,"38,000 km",Not provided,Not provided,Not provided,No,Not provided,Not provided,4 stroke | OHC,33/45,595,1,Electric starter,Air,Manual,Pedal Control Left,5,Chain,Disc,Disc,Petrol,0.156,Black,"4,199"
Laverda,500,Sports Bike,Not provided,1981,"13,800 km",Not provided,Not provided,Not provided,No,Not provided,Not provided,Straight | 4-stroke | DOHC,33/45,499,2,unknown,Not provided,Not provided,Not provided,Not provided,Not provided,Not provided,Not provided,Petrol,Not provided,Black,"6,427"
Honda,CB 650 SC,Touring Bike,Not provided,1984,"22,000 km",Not provided,Not provided,Not provided,No,Not provided,Not provided,4 stroke,53/72,655,4,Electric starter,Air,Manual,Not provided,6,Cardan,Disc,Drum,Petrol,Not provided,Others,"7,626"
Honda,CB 650,Touring Bike,Not provided,1985,"66,000 km",Not provided,Not provided,Not provided,No,Not provided,Not provided,Twin | 4 stroke | SOHC,46/63,626,1,Electric starter,Air,Not provided,Not provided,5,Not provided,Disc,Drum,Petrol,0.22,Red,"3,599"
Piaggio,Vespa PX 125 E,Scooter,Not provided,1987,"58,000 km",Not provided,Not provided,Not provided,No,Not provided,Not provided,2 stroke,7/9,123,1,Electric starter,Air,Manual,Not provided,4,Not provided,Not provided,Not provided,Petrol,0.098,Others,"3,170"
Honda,CB 650 SC,Touring Bike,Not provided,1985,"39,000 km",Not provided,Not provided,Not provided,No,Not provided,Not provided,4 stroke,53/72,655,4,Electric starter,Air,Manual,Not provided,6,Cardan,Disc,Drum,Petrol,Not provided,Grey,"2,999"
Moto Guzzi,850 T 3,Touring Bike,Not provided,1981,"56,551 km",Not provided,Not provided,Not provided,No,Not provided,Not provided,V | 4-stroke | OHV,43/59,844,2,unknown,Air,Not provided,Not provided,Not provided,Cardan,Not provided,Not provided,Petrol,Not provided,Red,"4,456"
Yamaha,XVZ 1300 Royal Star,Chopper,Not provided,2000,"79,200 km",Not provided,Not provided,Not provided,No,Not provided,Not provided,V | 4-Takt | DOHC,55/75,1294,4,Electric starter,water,Manual,Pedal Control Left,5,Cardan,Disc,Disc,Petrol,0.34,Grey,"5,570"
Piaggio,Vespa PX 150,Scooter,Not provided,2000,"50,266 km",Not provided,Not provided,Not provided,No,Not provided,Not provided,2 stroke,7/10,150,1,Electric starter,Fan,Manual,Twist Grip Gear Change,4,unit swing,Disc,Disc,Petrol,Not provided,Blue,"2,742"
Moto Guzzi,1100 Sport,Sports Bike,Not provided,1998,"23,500 km",Not provided,Not provided,Not provided,No,Not provided,Not provided,V | 4-stroke | OHV,66/90,1064,2,Electric starter,Air,Manual,Pedal Control Left,5,Cardan,Disc,Disc,Petrol,0.221,Black,"21,423"
Piaggio,Vespa 125 Primavera ET3,Scooter,Not provided,1982,8 km,Not provided,Not provided,Not provided,No,Not provided,Not provided,2 stroke,5/7,123,1,Kickstarter,Fan,Not provided,Twist Grip Gear Change,3,unit swing,Drum,Drum,Petrol,0.078,Others,"5,997"
Piaggio,Vespa 125 Primavera ET3,Scooter,Not provided,1982,19 km,Not provided,Not provided,Not provided,No,Not provided,Not provided,2 stroke,5/7,123,1,Kickstarter,Fan,Manual,Twist Grip Gear Change,3,unit swing,Drum,Drum,Petrol,0.078,Others,"5,997"
Piaggio,Vespa 125 Primavera ET3,Scooter,Not provided,1981,8 km,Not provided,Not provided,Not provided,No,Not provided,Not provided,2 stroke,5/7,123,1,Kickstarter,Fan,Manual,Twist Grip Gear Change,3,unit swing,Drum,Drum,Petrol,0.078,Others,"7,283"
Piaggio,Vespa 125 Primavera ET3,Scooter,Not provided,1981,8 km,Not provided,Not provided,Not provided,No,Not provided,Not provided,2 stroke,5/7,123,1,Kickstarter,Fan,Not provided,Twist Grip Gear Change,3,unit swing,Drum,Drum,Petrol,0.078,Others,"5,997"
Piaggio,Vespa 125 Primavera ET3,Scooter,Not provided,1982,9 km,Not provided,Not provided,Not provided,No,Not provided,Not provided,2 stroke,5/7,123,1,Kickstarter,Fan,Manual,Twist Grip Gear Change,3,unit swing,Drum,Drum,Petrol,0.078,Others,"7,283"
Triumph,Trident 750,Naked Bike,Not provided,1996,"42,000 km",Not provided,Not provided,Not provided,No,Not provided,Not provided,4 stroke,64/87,748,3,Electric starter,Oil-air,Manual,Not provided,6,Chain,Disc,Disc,Petrol,Not provided,Green,"7,284"
Yamaha,GTS 1000,Touring Bike,Not provided,1995,"41,500 km",Not provided,Not provided,Not provided,No,Not provided,Not provided,4 stroke,74/100,1003,4,unknown,water,Manual,Not provided,5,Not provided,Disc,Disc,Petrol,Not provided,Blue,"3,685"
Yamaha,XVZ 1300 Royal Star,Chopper,Not provided,1998,"21,800 km",Not provided,Not provided,Not provided,No,Not provided,Not provided,V | 4-Takt | DOHC,55/75,1294,4,Electric starter,water,Manual,Pedal Control Left,5,Cardan,Disc,Disc,Petrol,0.34,Black,"5,141"
Piaggio,Vespa PX 150 E,Moped,Not provided,1983,"26,150 km",Not provided,Not provided,Not provided,No,Not provided,Not provided,2 stroke,7/10,150,1,Electric starter,Air,Manual,Twist Grip Gear Change,4,Not provided,Drum,Drum,Petrol,Not provided,Others,"3,419"
Honda,VT 600C Shadow,Chopper,Not provided,1993,"71,000 km",Not provided,Not provided,Not provided,No,Not provided,Not provided,V | 4 stroke | OHC,30/41,583,2,Electric starter,water,Manual,Pedal Control Left,5,Chain,Disc,Drum,Petrol,0.207,Others,"3,428"
Honda,VF 750,Touring Bike,Not provided,1983,"31,200 km",Not provided,Not provided,Not provided,No,Not provided,Not provided,V | 4-Takt | DOHC,63/86,748,4,Electric starter,water,Manual,Not provided,5,Chain,Disc,Drum,Petrol,0.228,Black,"3,162"
Benelli,900 Sei,Touring Bike,Not provided,1985,"14,630 km",Not provided,Not provided,Not provided,No,Not provided,Not provided,Straight | 4 stroke | SOHC,59/80,906,6,Electric starter,Air,Manual,Not provided,5,Chain,Disc,Disc,Petrol,0.25,Black,"17,909"
Yamaha,XJ 600,Touring Bike,Not provided,1984,"80,000 km",Not provided,Not provided,Not provided,No,Not provided,Not provided,Straight | 4-stroke | DOHC,53/72,598,4,Electric starter,Air,Manual,Pedal Control Left,6,Chain,Disc,Disc,Petrol,0.212,Black,"4,276"
Kawasaki,Ninja 750 ZX-7R,Sports Bike,Not provided,1996,"42,200 km",Not provided,Not provided,Not provided,No,Not provided,Not provided,4 stroke,82/112,748,4,Electric starter,Oil-air,Manual,Not provided,6,Chain,Disc,Disc,Petrol,Not provided,Green,"6,427"
Montesa,Cota 349 Trial,Motocross,Not provided,1985,50 km,Not provided,Not provided,Not provided,No,Not provided,Not provided,2 stroke,1/1,305,1,Kickstarter,Air,Manual,Not provided,6,Not provided,Not provided,Not provided,Petrol,Not provided,White,"4,199"
BMW,K 100 RS,Touring Bike,Not provided,1993,"124,500 km",Not provided,Not provided,Not provided,No,Not provided,Not provided,Straight | 4-stroke | DOHC,66/90,987,4,Electric starter,water,Manual,Not provided,5,Cardan,Disc,Disc,Petrol,0.253,White,"3,256"
Honda,CBX 750 F,Sports Bike,Not provided,1985,"45,000 km",Not provided,Not provided,Not provided,No,Not provided,Not provided,Straight | 4-stroke | DOHC,67/91,747,4,Electric starter,Air,Manual,Pedal Control Left,6,Chain,Disc,Disc,Petrol,Not provided,Grey,"2,913"
Honda,VFR 750F,Touring Bike,Not provided,1995,"18,500 km",Not provided,Not provided,Not provided,No,Not provided,Not provided,V | 4-Takt | DOHC,78/106,748,4,Electric starter,water,Manual,Not provided,6,Chain,Disc,Disc,Petrol,0.23,Black,"3,599"
Husqvarna,SMR 570,Moto - Cross,Not provided,1997,"1,500 km",Not provided,Not provided,Not provided,No,Not provided,Not provided,4 stroke,41/56,576,1,Kickstarter,Oil-air,Manual,Not provided,6,Chain,Disc,Disc,Petrol,0.118,Blue,"4,113"
Honda,NSR 125 R,Sports Bike,Not provided,1991,"5,000 km",Not provided,Not provided,Not provided,No,Not provided,Not provided,2 stroke,21/28,125,1,unknown,water,Manual,Pedal Control Left,6,Chain,Disc,Disc,Petrol,Not provided,Black,"4,456"
Honda,ST 1300 Pan European ABS,Touring Bike,06/2002,2002,"37,000 km",Not provided,Not provided,Not provided,No,2,Not provided,4 stroke,93/127,1261,4,Electric starter,Oil-air,Not provided,Not provided,5,Cardan,Disc,Disc,Petrol,0.289,Others,"5,056"
Royal Enfield,Bullet 500,Touring Bike,01/2008,2008,"1,695 km",Not provided,Not provided,Not provided,No,1,No,4-Takt | OHV,17/23 (Factory: 20/27),499,1,Electric starter,Air,Not provided,Pedal Control Left,5,Chain,Disc,Disc,Petrol,0.195,Black,"4,284"
Ducati,851 S,Sports Bike,Not provided,1990,285 km,Not provided,Not provided,Not provided,No,> 6,No,V | 4 stroke | SV,90/122 (Factory: 75/102),851,2,Electric starter,water,Not provided,Not provided,6,Not provided,Not provided,Not provided,Petrol,0.216,Red,"36,418"
MV Agusta,F4 1000 S,Racing Motorcycle,Not provided,2005,123 km,Not provided,Not provided,Not provided,No,> 6,Not provided,Straight | 4-stroke | DOHC,122/166,998,4,Electric starter,water,Not provided,Pedal Control Left,6,Chain,Disc,Disc,Petrol,0.192,Red,"23,993"
Piaggio,Vespa T5,Scooter,Not provided,1985,"14,578 km",Not provided,Not provided,Not provided,No,Not provided,Not provided,2 stroke,9/12,122,1,Kickstarter,Air,Not provided,Twist Grip Gear Change,4,Not provided,Drum,Drum,Petrol,0.098,Others,"6,426"
Piaggio,Vespa 125 Primavera,Scooter,Not provided,1983,3 km,Not provided,Not provided,Not provided,No,Not provided,Not provided,2 stroke,5/7 (Factory: 4/6),123,1,Kickstarter,Fan,Not provided,Not provided,Not provided,Not provided,Not provided,Not provided,Petrol,0.073,Others,"5,990"
Piaggio,Vespa 125 Primavera ET3,Scooter,Not provided,1980,"37,577 km",Not provided,Not provided,Not provided,No,Not provided,Not provided,2 stroke,5/7,121,1,Kickstarter,Fan,Not provided,Twist Grip Gear Change,3,unit swing,Drum,Drum,Petrol,0.078,Others,"5,569"
Piaggio,Vespa PK 50 N,Scooter,Not provided,1985,1 km,Not provided,Not provided,Not provided,No,Not provided,Not provided,2 stroke,5/7 (Factory: 3/4),49,1,Kickstarter,Air,Not provided,Twist Grip Gear Change,4,Not provided,Drum,Drum,Petrol,0.077,Others,"3,341"
Piaggio,Vespa PX 150,Scooter,Not provided,1982,"22,311 km",Not provided,Not provided,Not provided,No,Not provided,Not provided,2 stroke,5/7 (Factory: 7/10),121 (Factory: 150),1,Kickstarter,Fan,Not provided,Twist Grip Gear Change,4,unit swing,Disc,Disc,Petrol,Not provided,Others,"3,855"
